video_id,gloss,split,signer_id,video_file,label
0026781326594427224-seedEMAIL,EMAIL,train,P52,0026781326594427224-seedEMAIL.mp4,8
0035996545316652195-WEDDING,WEDDING,train,P30,0035996545316652195-WEDDING.mp4,19
00849154736774671-OOPS,OOPS,train,P40,00849154736774671-OOPS.mp4,12
012805007551332181-PASS OUT,PASSOUT,train,P40,012805007551332181-PASS OUT.mp4,15
018792352692130976-DEEP,DEEP,train,P50,018792352692130976-DEEP.mp4,7
02014683299782649-PERFECT,PERFECT,train,P31,02014683299782649-PERFECT.mp4,16
023728040150698737-TOILET,TOILET,train,P11,023728040150698737-TOILET.mp4,17
025204171933608244-LISTEN,LISTEN,train,P33,025204171933608244-LISTEN.mp4,9
030191740294547742-PERFECT,PERFECT,train,P40,030191740294547742-PERFECT.mp4,16
031700542066197324-BACON,BACON,train,P37,031700542066197324-BACON.mp4,0
03206012768359612-WEDDING,WEDDING,train,P33,03206012768359612-WEDDING.mp4,19
03904005672741806-BOX,BOX,train,P7,03904005672741806-BOX.mp4,3
03955973765443366-TRUE,TRUE,train,P33,03955973765443366-TRUE.mp4,18
042692844819531395-LISTEN,LISTEN,train,P40,042692844819531395-LISTEN.mp4,9
04658313926532798-OOPS,OOPS,train,P29,04658313926532798-OOPS.mp4,12
04853769257076479-OSTRICH,OSTRICH,train,P33,04853769257076479-OSTRICH.mp4,13
048722831227886454-seedDEEP,DEEP,train,P52,048722831227886454-seedDEEP.mp4,7
050417522404572646-BACON,BACON,train,P29,050417522404572646-BACON.mp4,0
05274277385875825-PAGE,PAGE,train,P24,05274277385875825-PAGE.mp4,14
053274551876471676-OOPS,OOPS,train,P27,053274551876471676-OOPS.mp4,12
05901498725772769-PERFECT,PERFECT,train,P7,05901498725772769-PERFECT.mp4,16
06105887128534282-TRUE,TRUE,train,P31,06105887128534282-TRUE.mp4,18
0627115155087461-BOX,BOX,train,P29,0627115155087461-BOX.mp4,3
06322912463011598-PASS OUT,PASSOUT,train,P33,06322912463011598-PASS OUT.mp4,15
06646627731795318-BELL,BELL,train,P40,06646627731795318-BELL.mp4,2
0786044611567378-DEEP,DEEP,train,P38,0786044611567378-DEEP.mp4,7
08117174725875631-PERFECT,PERFECT,train,P27,08117174725875631-PERFECT.mp4,16
08509548045265491-MANY,MANY,train,P16,08509548045265491-MANY.mp4,10
08585237460156403-BELL,BELL,train,P37,08585237460156403-BELL.mp4,2
0880216992850611-WEDDING,WEDDING,train,P11,0880216992850611-WEDDING.mp4,19
09185137973370061-BOY,BOY,train,P7,09185137973370061-BOY.mp4,4
09345849173061338-CONGRATULATIONS,CONGRATULATIONS,train,P27,09345849173061338-CONGRATULATIONS.mp4,5
10460894363283058-COUGH,COUGH,train,P27,10460894363283058-COUGH.mp4,6
1095479553892662-seedTRUE,TRUE,train,P52,1095479553892662-seedTRUE.mp4,18
11475836279496177-PERFECT,PERFECT,train,P29,11475836279496177-PERFECT.mp4,16
11621956998079908-COUGH,COUGH,train,P29,11621956998079908-COUGH.mp4,6
13050591378752507-EMAIL,EMAIL,train,P36,13050591378752507-EMAIL.mp4,8
13450934387585933-PERFECT,PERFECT,train,P50,13450934387585933-PERFECT.mp4,16
13856418427419048-seedCOUGH,COUGH,train,P52,13856418427419048-seedCOUGH.mp4,6
1389389020459244-MANY,MANY,train,P50,1389389020459244-MANY.mp4,10
13924599209176325-TRUE,TRUE,train,P29,13924599209176325-TRUE.mp4,18
14403108312367552-BELL,BELL,train,P51,14403108312367552-BELL.mp4,2
14577667237332648-TRUE,TRUE,train,P30,14577667237332648-TRUE.mp4,18
14792536131472378-OSTRICH,OSTRICH,train,P46,14792536131472378-OSTRICH.mp4,13
15025494439377618-LISTEN,LISTEN,train,P29,15025494439377618-LISTEN.mp4,9
15236905333520356-EMAIL,EMAIL,train,P27,15236905333520356-EMAIL.mp4,8
15552457512551987-OSTRICH,OSTRICH,train,P31,15552457512551987-OSTRICH.mp4,13
1612184972353583-BOX,BOX,train,P37,1612184972353583-BOX.mp4,3
1615641107602217-LISTEN,LISTEN,train,P31,1615641107602217-LISTEN.mp4,9
17019116601755924-MANY,MANY,train,P29,17019116601755924-MANY.mp4,10
17921818995610916-PAGE,PAGE,train,P31,17921818995610916-PAGE.mp4,14
1813041616356077-PASS OUT,PASSOUT,train,P31,1813041616356077-PASS OUT.mp4,15
1828535307475454-BOX,BOX,train,P4,1828535307475454-BOX.mp4,3
18420000489418564-CONGRATULATIONS,CONGRATULATIONS,train,P16,18420000489418564-CONGRATULATIONS.mp4,5
1845988193133219-BOY,BOY,train,P37,1845988193133219-BOY.mp4,4
1861803709292078-OSTRICH,OSTRICH,train,P11,1861803709292078-OSTRICH.mp4,13
1907172669959336-PASS OUT,PASSOUT,train,P50,1907172669959336-PASS OUT.mp4,15
19501040026620564-TRUE,TRUE,train,P11,19501040026620564-TRUE.mp4,18
19533923402317188-DEEP,DEEP,train,P16,19533923402317188-DEEP.mp4,7
19900647962855822-TOILET,TOILET,train,P7,19900647962855822-TOILET.mp4,17
20765499771937668-TOILET,TOILET,train,P40,20765499771937668-TOILET.mp4,17
20926676293312285-TRUE,TRUE,train,P16,20926676293312285-TRUE.mp4,18
21904973792683724-seedBOX,BOX,train,P52,21904973792683724-seedBOX.mp4,3
22499118056987077-BACON,BACON,train,P14,22499118056987077-BACON.mp4,0
22830309669070248-WEDDING,WEDDING,train,P27,22830309669070248-WEDDING.mp4,19
23464925222143762-BOX,BOX,train,P11,23464925222143762-BOX.mp4,3
23521306220445615-EMAIL,EMAIL,train,P29,23521306220445615-EMAIL.mp4,8
23588144021742652-BOY,BOY,train,P29,23588144021742652-BOY.mp4,4
24204309620015718-PASS OUT,PASSOUT,train,P37,24204309620015718-PASS OUT.mp4,15
24585752332882183-DEEP,DEEP,train,P43,24585752332882183-DEEP.mp4,7
24825531954236446-PASS OUT,PASSOUT,train,P14,24825531954236446-PASS OUT.mp4,15
2535759916344633-WEDDING,WEDDING,train,P4,2535759916344633-WEDDING.mp4,19
25543784769620737-COUGH,COUGH,train,P40,25543784769620737-COUGH.mp4,6
25633108516964564-MANY,MANY,train,P30,25633108516964564-MANY.mp4,10
26240728126124524-BAR,BAR,train,P4,26240728126124524-BAR.mp4,1
2780824359273417-PAGE,PAGE,train,P30,2780824359273417-PAGE.mp4,14
2804309818886517-BAR,BAR,train,P37,2804309818886517-BAR.mp4,1
2825624302274443-BACON,BACON,train,P30,2825624302274443-BACON.mp4,0
2961607283419716-OOPS,OOPS,train,P37,2961607283419716-OOPS.mp4,12
3020669935390441-seedLISTEN,LISTEN,train,P52,3020669935390441-seedLISTEN.mp4,9
30216552906832983-LISTEN,LISTEN,train,P28,30216552906832983-LISTEN.mp4,9
30473537132784934-COUGH,COUGH,train,P16,30473537132784934-COUGH.mp4,6
3098607539628562-BOY,BOY,train,P50,3098607539628562-BOY.mp4,4
3122613349088472-MANY,MANY,train,P7,3122613349088472-MANY.mp4,10
3155353506744525-BAR,BAR,train,P31,3155353506744525-BAR.mp4,1
3206161671733989-PAGE,PAGE,train,P14,3206161671733989-PAGE.mp4,14
32663807280597323-BELL,BELL,train,P34,32663807280597323-BELL.mp4,2
3297655407266218-EMAIL,EMAIL,train,P31,3297655407266218-EMAIL.mp4,8
33572162699090957-OSTRICH,OSTRICH,train,P29,33572162699090957-OSTRICH.mp4,13
33835176129586064-COUGH,COUGH,train,P30,33835176129586064-COUGH.mp4,6
34102998813736063-BOY,BOY,train,P31,34102998813736063-BOY.mp4,4
34997583498618257-PAGE,PAGE,train,P34,34997583498618257-PAGE.mp4,14
35028945975741-OSTRICH,OSTRICH,train,P30,35028945975741-OSTRICH.mp4,13
36410599686598655-MATH,MATH,train,P11,36410599686598655-MATH.mp4,11
3750427979878761-PASS OUT,PASSOUT,train,P37,3750427979878761-PASS OUT.mp4,15
37697730009560515-PERFECT,PERFECT,train,P11,37697730009560515-PERFECT.mp4,16
38589921777045255-EMAIL,EMAIL,train,P30,38589921777045255-EMAIL.mp4,8
3869989642963936-BOX,BOX,train,P16,3869989642963936-BOX.mp4,3
3882428949192609-BOY,BOY,train,P16,3882428949192609-BOY.mp4,4
38841357846373725-BELL,BELL,train,P24,38841357846373725-BELL.mp4,2
39097901827253834-BOX,BOX,train,P30,39097901827253834-BOX.mp4,3
3953681080988327-MANY,MANY,train,P33,3953681080988327-MANY.mp4,10
40011984718062577-WEDDING,WEDDING,train,P16,40011984718062577-WEDDING.mp4,19
402432676555748-EMAIL,EMAIL,train,P37,402432676555748-EMAIL.mp4,8
40395383317993594-MATH,MATH,train,P37,40395383317993594-MATH.mp4,11
41161724295860713-BOY,BOY,train,P4,41161724295860713-BOY.mp4,4
41381456686373874-BAR,BAR,train,P29,41381456686373874-BAR.mp4,1
41640563199362157-WEDDING,WEDDING,train,P31,41640563199362157-WEDDING.mp4,19
4208972831229012-seedTOILET,TOILET,train,P52,4208972831229012-seedTOILET.mp4,17
42222889350769166-PERFECT,PERFECT,train,P30,42222889350769166-PERFECT.mp4,16
4236001345575753-BELL,BELL,train,P37,4236001345575753-BELL.mp4,2
42444601341216437-MATH,MATH,train,P33,42444601341216437-MATH.mp4,11
4245147487426253-OSTRICH,OSTRICH,train,P14,4245147487426253-OSTRICH.mp4,13
4278397424596412-PAGE,PAGE,train,P33,4278397424596412-PAGE.mp4,14
4284748530262683-OSTRICH,OSTRICH,train,P27,4284748530262683-OSTRICH.mp4,13
4326299707962342-CONGRATULATIONS,CONGRATULATIONS,train,P31,4326299707962342-CONGRATULATIONS.mp4,5
43409654505218187-BOY,BOY,train,P30,43409654505218187-BOY.mp4,4
4470242656893859-BELL,BELL,train,P29,4470242656893859-BELL.mp4,2
4543468100040946-BELL,BELL,train,P30,4543468100040946-BELL.mp4,2
4547709210667419-CONGRATULATIONS,CONGRATULATIONS,train,P7,4547709210667419-CONGRATULATIONS.mp4,5
4559460710363339-OSTRICH,OSTRICH,train,P40,4559460710363339-OSTRICH.mp4,13
4701606875522637-BOY,BOY,train,P40,4701606875522637-BOY.mp4,4
47202683388339217-PAGE,PAGE,train,P40,47202683388339217-PAGE.mp4,14
4825136594077253-CONGRATULATIONS,CONGRATULATIONS,train,P33,4825136594077253-CONGRATULATIONS.mp4,5
4869639995974868-TOILET,TOILET,train,P31,4869639995974868-TOILET.mp4,17
48868933535127335-MATH,MATH,train,P40,48868933535127335-MATH.mp4,11
49317529830493223-BOX,BOX,train,P27,49317529830493223-BOX.mp4,3
49426957702619356-MANY,MANY,train,P40,49426957702619356-MANY.mp4,10
49457526310695954-TRUE,TRUE,train,P37,49457526310695954-TRUE.mp4,18
4984350771345383-COUGH,COUGH,train,P11,4984350771345383-COUGH.mp4,6
5135816607824977-BOX,BOX,train,P50,5135816607824977-BOX.mp4,3
5198256920294817-PAGE,PAGE,train,P50,5198256920294817-PAGE.mp4,14
5200060362971033-BOY,BOY,train,P14,5200060362971033-BOY.mp4,4
5207937090423327-TOILET,TOILET,train,P33,5207937090423327-TOILET.mp4,17
5209409990092726-OOPS,OOPS,train,P30,5209409990092726-OOPS.mp4,12
5256622705943779-TOILET,TOILET,train,P16,5256622705943779-TOILET.mp4,17
5324363585279246-BACON,BACON,train,P4,5324363585279246-BACON.mp4,0
5328243046699883-COUGH,COUGH,train,P50,5328243046699883-COUGH.mp4,6
5332426153458976-BACON,BACON,train,P50,5332426153458976-BACON.mp4,0
5384978024652389-BACON,BACON,train,P33,5384978024652389-BACON.mp4,0
5461371051721524-PAGE,PAGE,train,P29,5461371051721524-PAGE.mp4,14
5494939976329869-MATH,MATH,train,P31,5494939976329869-MATH.mp4,11
5510822299428495-OSTRICH,OSTRICH,train,P50,5510822299428495-OSTRICH.mp4,13
5512823982413133-seedCONGRATULATIONS,CONGRATULATIONS,train,P52,5512823982413133-seedCONGRATULATIONS.mp4,5
5514076773629932-CONGRATULATIONS,CONGRATULATIONS,train,P29,5514076773629932-CONGRATULATIONS.mp4,5
5585715943610259-PAGE,PAGE,train,P27,5585715943610259-PAGE.mp4,14
563532553338089-BAR,BAR,train,P7,563532553338089-BAR.mp4,1
5653188771676736-WEDDING,WEDDING,train,P50,5653188771676736-WEDDING.mp4,19
5688533905094844-PASS OUT,PASSOUT,train,P27,5688533905094844-PASS OUT.mp4,15
5692459382093076-MANY,MANY,train,P31,5692459382093076-MANY.mp4,10
5722862418488095-DEEP,DEEP,train,P40,5722862418488095-DEEP.mp4,7
5828270936369884-BELL,BELL,train,P50,5828270936369884-BELL.mp4,2
5840050473723393-PASS OUT,PASSOUT,train,P51,5840050473723393-PASS OUT.mp4,15
5894026143518662-seedPASS OUT,PASSOUT,train,P52,5894026143518662-seedPASS OUT.mp4,15
5919257882722226-LISTEN,LISTEN,train,P37,5919257882722226-LISTEN.mp4,9
5920755237449586-WEDDING,WEDDING,train,P29,5920755237449586-WEDDING.mp4,19
6041494320502172-seedBAR,BAR,train,P52,6041494320502172-seedBAR.mp4,1
6045770546265516-OOPS,OOPS,train,P50,6045770546265516-OOPS.mp4,12
607837878562723-BELL,BELL,train,P11,607837878562723-BELL.mp4,2
607917312451786-BAR,BAR,train,P27,607917312451786-BAR.mp4,1
6093231306460585-DEEP,DEEP,train,P27,6093231306460585-DEEP.mp4,7
6101442006143865-BAR,BAR,train,P50,6101442006143865-BAR.mp4,1
614670789662614-CONGRATULATIONS,CONGRATULATIONS,train,P4,614670789662614-CONGRATULATIONS.mp4,5
6217500627854264-EMAIL,EMAIL,train,P14,6217500627854264-EMAIL.mp4,8
6236759434208634-WEDDING,WEDDING,train,P37,6236759434208634-WEDDING.mp4,19
6255365414478025-MATH,MATH,train,P29,6255365414478025-MATH.mp4,11
6293852739346699-PASS OUT,PASSOUT,train,P30,6293852739346699-PASS OUT.mp4,15
6310979669428951-CONGRATULATIONS,CONGRATULATIONS,train,P50,6310979669428951-CONGRATULATIONS.mp4,5
6328781532196674-TRUE,TRUE,train,P50,6328781532196674-TRUE.mp4,18
6346961342409134-TOILET,TOILET,train,P29,6346961342409134-TOILET.mp4,17
6380185940873424-PERFECT,PERFECT,train,P37,6380185940873424-PERFECT.mp4,16
6391919705711611-DEEP,DEEP,train,P4,6391919705711611-DEEP.mp4,7
6411615748046413-PASS OUT,PASSOUT,train,P29,6411615748046413-PASS OUT.mp4,15
650049686475985-OSTRICH,OSTRICH,train,P37,650049686475985-OSTRICH.mp4,13
6512868906743803-MANY,MANY,train,P27,6512868906743803-MANY.mp4,10
6529004307812116-DEEP,DEEP,train,P11,6529004307812116-DEEP.mp4,7
6602735602687071-OOPS,OOPS,train,P4,6602735602687071-OOPS.mp4,12
6665711994404717-BOY,BOY,train,P33,6665711994404717-BOY.mp4,4
6687952807572-BAR,BAR,train,P11,6687952807572-BAR.mp4,1
672763511604435-OOPS,OOPS,train,P16,672763511604435-OOPS.mp4,12
6734665206220465-LISTEN,LISTEN,train,P11,6734665206220465-LISTEN.mp4,9
6781372344650942-OOPS,OOPS,train,P7,6781372344650942-OOPS.mp4,12
6823095307027713-TOILET,TOILET,train,P37,6823095307027713-TOILET.mp4,17
6855595996582029-LISTEN,LISTEN,train,P27,6855595996582029-LISTEN.mp4,9
6856243361993741-MATH,MATH,train,P50,6856243361993741-MATH.mp4,11
6863512742729596-CONGRATULATIONS,CONGRATULATIONS,train,P30,6863512742729596-CONGRATULATIONS.mp4,5
6885560937754855-BACON,BACON,train,P11,6885560937754855-BACON.mp4,0
6912412056395851-seedPAGE,PAGE,train,P52,6912412056395851-seedPAGE.mp4,14
6928445534634624-PASS OUT,PASSOUT,train,P11,6928445534634624-PASS OUT.mp4,15
6937202654647265-TOILET,TOILET,train,P50,6937202654647265-TOILET.mp4,17
6978081040494541-seedMANY,MANY,train,P52,6978081040494541-seedMANY.mp4,10
6986285859680277-seedWEDDING,WEDDING,train,P52,6986285859680277-seedWEDDING.mp4,19
7016660902727543-WEDDING,WEDDING,train,P7,7016660902727543-WEDDING.mp4,19
702318015657224-DEEP,DEEP,train,P30,702318015657224-DEEP.mp4,7
7132022545537142-PAGE,PAGE,train,P11,7132022545537142-PAGE.mp4,14
7156743305381184-BAR,BAR,train,P33,7156743305381184-BAR.mp4,1
7170445199991571-MATH,MATH,train,P27,7170445199991571-MATH.mp4,11
7294428530968486-DEEP,DEEP,train,P31,7294428530968486-DEEP.mp4,7
7307376889210087-MANY,MANY,train,P11,7307376889210087-MANY.mp4,10
7335704622264114-seedOSTRICH,OSTRICH,train,P52,7335704622264114-seedOSTRICH.mp4,13
7350623779224701-TRUE,TRUE,train,P4,7350623779224701-TRUE.mp4,18
738569485202307-COUGH,COUGH,train,P4,738569485202307-COUGH.mp4,6
7470131183392779-seedPERFECT,PERFECT,train,P52,7470131183392779-seedPERFECT.mp4,16
749139480563064-OOPS,OOPS,train,P33,749139480563064-OOPS.mp4,12
7536923352155729-BACON,BACON,train,P16,7536923352155729-BACON.mp4,0
7538079236485944-EMAIL,EMAIL,train,P33,7538079236485944-EMAIL.mp4,8
7609940666773505-MATH,MATH,train,P16,7609940666773505-MATH.mp4,11
7666043710921424-TRUE,TRUE,train,P14,7666043710921424-TRUE.mp4,18
7672709653584677-BELL,BELL,train,P31,7672709653584677-BELL.mp4,2
7731660605335451-MATH,MATH,train,P4,7731660605335451-MATH.mp4,11
775115376734139-BOY,BOY,train,P27,775115376734139-BOY.mp4,4
7752700924894045-TOILET,TOILET,train,P30,7752700924894045-TOILET.mp4,17
7899782244337141-BOX,BOX,train,P40,7899782244337141-BOX.mp4,3
7933721740511925-PAGE,PAGE,train,P37,7933721740511925-PAGE.mp4,14
7947158548693705-WEDDING,WEDDING,train,P40,7947158548693705-WEDDING.mp4,19
7975130019817607-MATH,MATH,train,P30,7975130019817607-MATH.mp4,11
7990817230796681-TRUE,TRUE,train,P27,7990817230796681-TRUE.mp4,18
8004329954792355-TRUE,TRUE,train,P36,8004329954792355-TRUE.mp4,18
803744227919108-DEEP,DEEP,train,P37,803744227919108-DEEP.mp4,7
8042857055293466-seedOOPS,OOPS,train,P52,8042857055293466-seedOOPS.mp4,12
8050409130285174-COUGH,COUGH,train,P37,8050409130285174-COUGH.mp4,6
8055392004107471-seedBELL,BELL,train,P52,8055392004107471-seedBELL.mp4,2
8096040976130479-BOX,BOX,train,P33,8096040976130479-BOX.mp4,3
8098478197344923-MATH,MATH,train,P7,8098478197344923-MATH.mp4,11
8140242137021829-BAR,BAR,train,P16,8140242137021829-BAR.mp4,1
8146145505335132-PASS OUT,PASSOUT,train,P16,8146145505335132-PASS OUT.mp4,15
820230659572879-EMAIL,EMAIL,train,P16,820230659572879-EMAIL.mp4,8
8363370880361629-BAR,BAR,train,P30,8363370880361629-BAR.mp4,1
8470355643318659-CONGRATULATIONS,CONGRATULATIONS,train,P40,8470355643318659-CONGRATULATIONS.mp4,5
852021762628375-BACON,BACON,train,P27,852021762628375-BACON.mp4,0
8525684703841325-PASS OUT,PASSOUT,train,P34,8525684703841325-PASS OUT.mp4,15
8543060643832148-BAR,BAR,train,P40,8543060643832148-BAR.mp4,1
856122420201368-DEEP,DEEP,train,P29,856122420201368-DEEP.mp4,7
8580620775272607-BACON,BACON,train,P36,8580620775272607-BACON.mp4,0
8604046881763225-PAGE,PAGE,train,P37,8604046881763225-PAGE.mp4,14
8609484892057226-PASS OUT,PASSOUT,train,P24,8609484892057226-PASS OUT.mp4,15
8680216857400416-BOY,BOY,train,P11,8680216857400416-BOY.mp4,4
8686898698264709-TOILET,TOILET,train,P4,8686898698264709-TOILET.mp4,17
8729755283855587-BACON,BACON,train,P31,8729755283855587-BACON.mp4,0
8744154002688502-BELL,BELL,train,P16,8744154002688502-BELL.mp4,2
8762216485012733-PERFECT,PERFECT,train,P4,8762216485012733-PERFECT.mp4,16
8792539783717879-seedBOY,BOY,train,P52,8792539783717879-seedBOY.mp4,4
8821978918389293-LISTEN,LISTEN,train,P29,8821978918389293-LISTEN.mp4,9
8827712545672532-PERFECT,PERFECT,train,P33,8827712545672532-PERFECT.mp4,16
8832368395409689-OOPS,OOPS,train,P11,8832368395409689-OOPS.mp4,12
889040271472131-MANY,MANY,train,P37,889040271472131-MANY.mp4,10
8993126875618069-OSTRICH,OSTRICH,train,P29,8993126875618069-OSTRICH.mp4,13
9003596589755776-DEEP,DEEP,train,P33,9003596589755776-DEEP.mp4,7
90120143041997-COUGH,COUGH,train,P31,90120143041997-COUGH.mp4,6
9052328577346123-TOILET,TOILET,train,P27,9052328577346123-TOILET.mp4,17
9056847508667443-COUGH,COUGH,train,P7,9056847508667443-COUGH.mp4,6
918273253280361-BELL,BELL,train,P27,918273253280361-BELL.mp4,2
922802570685832-seedMATH,MATH,train,P52,922802570685832-seedMATH.mp4,11
9248246392233512-MANY,MANY,train,P4,9248246392233512-MANY.mp4,10
9255694577253282-OSTRICH,OSTRICH,train,P32,9255694577253282-OSTRICH.mp4,13
9269595985966672-CONGRATULATIONS,CONGRATULATIONS,train,P37,9269595985966672-CONGRATULATIONS.mp4,5
9274530293728671-LISTEN,LISTEN,train,P32,9274530293728671-LISTEN.mp4,9
9369415458910506-PAGE,PAGE,train,P51,9369415458910506-PAGE.mp4,14
937803544366357-LISTEN,LISTEN,train,P50,937803544366357-LISTEN.mp4,9
9392287451739223-BOX,BOX,train,P31,9392287451739223-BOX.mp4,3
9475271740752589-BELL,BELL,train,P28,9475271740752589-BELL.mp4,2
9509431858166466-OSTRICH,OSTRICH,train,P4,9509431858166466-OSTRICH.mp4,13
9534411973599974-OSTRICH,OSTRICH,train,P16,9534411973599974-OSTRICH.mp4,13
9602169342562357-seedBACON,BACON,train,P52,9602169342562357-seedBACON.mp4,0
9627638656394539-PAGE,PAGE,train,P16,9627638656394539-PAGE.mp4,14
9634044233659633-PERFECT,PERFECT,train,P16,9634044233659633-PERFECT.mp4,16
984186383050119-EMAIL,EMAIL,train,P11,984186383050119-EMAIL.mp4,8
9893606853654175-OOPS,OOPS,train,P31,9893606853654175-OOPS.mp4,12
9910510135656934-EMAIL,EMAIL,train,P50,9910510135656934-EMAIL.mp4,8
9958532597521785-CONGRATULATIONS,CONGRATULATIONS,train,P11,9958532597521785-CONGRATULATIONS.mp4,5
997883238386003-BELL,BELL,train,P14,997883238386003-BELL.mp4,2
9987626960612022-COUGH,COUGH,train,P33,9987626960612022-COUGH.mp4,6
