gloss,train,val,test,total,signers_total,signers_train,gloss_base,n_variants
DOG1,24,4,17,45,30,16,DOG,4
BASKETBALL1,19,5,20,44,30,15,BASKETBALL,3
WHATFOR1,20,5,18,43,31,15,WHATFOR,3
BELT1,19,3,18,40,29,16,BELT,2
NIGHT1,17,5,17,39,30,14,NIGHT,2
DARK1,21,3,15,39,29,15,DARK,2
ELEVATOR1,19,5,15,39,29,14,ELEVATOR,3
DEAF1,20,4,15,39,31,16,DEAF,2
FINE1,19,4,16,39,30,15,FINE,2
PATIENT2,19,4,16,39,31,16,PATIENT,3
HOSPITAL1,18,4,17,39,31,16,HOSPITAL,2
BEE1,19,6,14,39,32,16,BEE,2
MECHANIC1,20,3,16,39,29,15,MECHANIC,2
EAT1,18,4,17,39,29,14,EAT,2
MOVIE1,18,4,17,39,30,15,MOVIE,2
CHRISTMAS1,19,3,17,39,27,13,CHRISTMAS,2
DEMAND1,21,4,14,39,33,18,DEMAND,2
FOREIGNER1,18,4,17,39,30,15,FOREIGNER,2
BREAKFAST1,21,3,15,39,31,17,BREAKFAST,2
PARTY1,20,4,15,39,30,15,PARTY,2
SHAVE1,19,5,15,39,30,16,SHAVE,5
ROCKINGCHAIR1,20,4,15,39,31,16,ROCKINGCHAIR,2
BITE1,21,4,14,39,29,15,BITE,2
HURDLE/TRIP1,22,3,13,38,31,18,HURDLE/TRIP,2
NOON1,19,4,15,38,29,14,NOON,2
AXE1,19,4,15,38,28,14,AXE,2
DRAG1,18,3,17,38,28,14,DRAG,2
RIVER1,19,4,15,38,31,16,RIVER,2
DECIDE1,20,3,15,38,28,15,DECIDE,2
RESEARCH1,17,5,16,38,31,15,RESEARCH,2
DOWNSIZE1,18,4,16,38,32,17,DOWNSIZE,2
LUNCH1,19,5,14,38,28,13,LUNCH,2
MICROSCOPE1,18,4,16,38,31,16,MICROSCOPE,3
RECENT1,17,4,17,38,28,13,RECENT,2
EDIT1,19,4,15,38,28,13,EDIT,2
LETTUCE1,17,5,16,38,29,14,LETTUCE,2
TYPE1,17,5,16,38,30,14,TYPE,2
BELIEVE1,16,6,16,38,28,13,BELIEVE,2
CANCER1,18,4,15,37,27,12,CANCER,2
CANCEL1,15,6,16,37,27,12,CANCEL,2
CONFUSED1,18,4,15,37,28,13,CONFUSED,2
TWINS1,18,4,15,37,27,12,TWINS,2
GUESS1,18,5,14,37,30,15,GUESS,2
BACKPACK1,19,3,15,37,29,15,BACKPACK,2
CLOUD1,15,5,17,37,30,14,CLOUD,4
THIRD1,17,6,14,37,29,14,THIRD,2
SPECIAL1,17,5,15,37,31,15,SPECIAL,2
HALLOWEEN1,19,4,14,37,29,15,HALLOWEEN,2
DINNER1,18,4,15,37,27,13,DINNER,2
LOCK1,18,5,14,37,31,15,LOCK,3
CALENDAR1,17,4,16,37,31,16,CALENDAR,2
DEVELOP1,19,3,14,36,30,16,DEVELOP,2
THEY1,18,3,15,36,27,13,THEY,2
TAKEOFF1,15,5,16,36,28,13,TAKEOFF,2
TWO,14,4,14,32,29,14,TWO,1
SLOW,15,3,14,32,29,15,SLOW,1
KANGAROO3,16,3,13,32,27,13,KANGAROO,3
DODO,16,4,12,32,29,14,DODO,1
RAIN,14,3,15,32,28,14,RAIN,1
TRAVEL,15,3,14,32,29,15,TRAVEL,1
SHOP2,14,4,14,32,29,14,SHOP,2
LIGHTER,14,4,14,32,29,14,LIGHTER,1
DISAPPEAR,14,4,14,32,29,14,DISAPPEAR,1
TROUBLE,15,3,14,32,29,15,TROUBLE,1
FOUR,15,3,14,32,29,15,FOUR,1
TRAIN,14,3,15,32,28,14,TRAIN,1
BUTTERFLY,14,3,15,32,28,14,BUTTERFLY,1
SKATE,14,4,14,32,29,14,SKATE,1
GONE,15,5,12,32,30,15,GONE,1
BOXING,16,4,12,32,29,14,BOXING,1
BOY,14,6,12,32,29,14,BOY,1
VIDEOPHONE,15,3,14,32,29,15,VIDEOPHONE,1
BOTTLE,16,3,13,32,27,13,BOTTLE,1
DRESS,14,3,15,32,28,14,DRESS,1
FUTURE,14,4,14,32,29,14,FUTURE,1
BORROW,15,3,14,32,29,15,BORROW,1
UNDERSTAND,14,4,14,32,29,14,UNDERSTAND,1
PSYCHOLOGY,16,4,12,32,29,14,PSYCHOLOGY,1
NORTH,14,4,14,32,29,14,NORTH,1
BOWL,14,4,14,32,29,14,BOWL,1
VERYINTERESTED,15,3,14,32,27,13,VERYINTERESTED,1
UNIVERSITY,14,4,14,32,29,14,UNIVERSITY,1
BRAIDS,16,3,13,32,29,15,BRAIDS,1
BRAVE,14,4,14,32,29,14,BRAVE,1
LAUGH,14,4,14,32,29,14,LAUGH,1
VOTE,15,4,13,32,30,15,VOTE,1
RED,14,4,14,32,29,14,RED,1
BRIDGE1,14,3,15,32,28,14,BRIDGE,2
RECORDING,15,3,14,32,29,15,RECORDING,1
SINK,18,4,10,32,29,15,SINK,1
KING,14,4,14,32,29,14,KING,1
GIFT,16,4,12,32,30,15,GIFT,1
BROTHER,16,3,13,32,29,15,BROTHER,1
MUSTACHE,15,4,13,32,29,14,MUSTACHE,1
SHINY,16,3,13,32,27,13,SHINY,1
NAME,14,4,14,32,29,14,NAME,1
BLOOD,14,4,14,32,29,14,BLOOD,1
FRIENDLY,14,4,14,32,29,14,FRIENDLY,1
VIEW,16,4,12,32,29,14,VIEW,1
LATER,16,4,12,32,31,16,LATER,1
CLOSE,17,4,11,32,30,16,CLOSE,1
SSHH,16,4,12,32,30,15,SSHH,1
SUSPECT,14,4,14,32,29,14,SUSPECT,1
PONDER,17,3,12,32,31,17,PONDER,1
SURPRISE,14,3,15,32,28,14,SURPRISE,1
SWITZERLAND,16,4,12,32,30,15,SWITZERLAND,1
CREDITCARD,14,4,14,32,29,14,CREDITCARD,1
CALLTTY,15,3,14,32,29,15,CALLTTY,1
HUSBAND,14,4,14,32,29,14,HUSBAND,1
CIGARETTE,15,3,14,32,29,15,CIGARETTE,1
PEEKABOO,17,4,11,32,29,15,PEEKABOO,1
CLEAR,14,4,14,32,29,14,CLEAR,1
IMPORTANT,14,3,15,32,28,14,IMPORTANT,1
CHOCOLATE,14,3,15,32,28,14,CHOCOLATE,1
GULLIBLE,14,4,14,32,29,14,GULLIBLE,1
CITY1,14,3,15,32,28,14,CITY,2
DANCE,15,3,14,32,29,15,DANCE,1
HELMET1,16,3,13,32,27,13,HELMET,2
CONCEPT,14,3,15,32,28,14,CONCEPT,1
CORN2,14,4,14,32,29,14,CORN,3
STICKY,16,4,12,32,29,14,STICKY,1
PLAY,14,4,14,32,29,14,PLAY,1
COOKIE,15,3,14,32,29,15,COOKIE,1
COMPLEX,14,4,14,32,29,14,COMPLEX,1
STEAL,16,3,13,32,27,13,STEAL,1
COCAINE,16,5,11,32,29,15,COCAINE,1
HELLO,14,4,14,32,29,14,HELLO,1
COCACOLA,14,4,14,32,29,14,COCACOLA,1
COVERUP,14,4,14,32,29,14,COVERUP,1
HEARING,14,4,14,32,29,14,HEARING,1
PERSON,15,3,14,32,29,15,PERSON,1
HEALTH,15,3,14,32,29,15,HEALTH,1
STOMACH,14,4,14,32,29,14,STOMACH,1
HOPE,17,4,11,32,29,15,HOPE,1
STRANGE,14,4,14,32,29,14,STRANGE,1
CEMETERY,17,3,12,32,31,17,CEMETERY,1
GREEN,14,4,14,32,29,14,GREEN,1
GREECE,14,4,14,32,29,14,GREECE,1
CASTLE4,16,3,13,32,29,15,CASTLE,4
CANDY2,16,3,13,32,27,13,CANDY,2
CANCELLATION,14,4,14,32,29,14,CANCELLATION,1
CAPTURE,17,3,12,32,31,17,CAPTURE,1
DROWN5,16,3,13,32,27,13,DROWN,5
HAMMER,14,4,14,32,29,14,HAMMER,1
DEPENDON,15,5,12,32,30,15,DEPENDON,1
OTHER,17,4,11,32,29,15,OTHER,1
SOCCER2,17,3,12,32,30,16,SOCCER,2
PAIN,14,4,14,32,29,14,PAIN,1
PULLCONVINCE,17,3,12,32,31,17,PULLCONVINCE,1
JOKE,17,3,12,32,31,17,JOKE,1
SOCIETY,17,3,12,32,31,17,SOCIETY,1
CABINET,14,3,15,32,28,14,CABINET,1
INVITE,14,4,14,32,29,14,INVITE,1
TEXT,15,3,14,32,29,15,TEXT,1
TEAM,16,4,12,32,30,15,TEAM,1
PEPSI,14,4,14,32,29,14,PEPSI,1
TEMPTATION,14,4,14,32,29,14,TEMPTATION,1
CHEEK,17,4,11,32,30,16,CHEEK,1
CHEESEGRATER,17,5,10,32,29,16,CHEESEGRATER,1
TAKECARE,16,4,12,32,29,14,TAKECARE,1
CHAIN,16,4,12,32,29,14,CHAIN,1
CATEGORY,16,3,13,32,27,13,CATEGORY,1
CHARACTER,15,3,14,32,29,15,CHARACTER,1
CHANNEL,14,4,14,32,29,14,CHANNEL,1
SPEAKERS,14,3,15,32,28,14,SPEAKERS,1
THIEF1,15,3,14,32,29,15,THIEF,2
CATHOLIC,15,4,13,32,30,15,CATHOLIC,1
THAT,14,4,14,32,29,14,THAT,1
THINGS,15,3,14,32,29,15,THINGS,1
GRENADE,16,4,12,32,29,14,GRENADE,1
CHASE,16,4,12,32,29,14,CHASE,1
WORKOUT,16,4,12,32,29,14,WORKOUT,1
SEW,15,3,14,32,29,15,SEW,1
WORK,14,3,15,32,28,14,WORK,1
ALARM,14,4,14,32,29,14,ALARM,1
WISH,15,4,13,32,30,15,WISH,1
MAIL1,16,3,13,32,27,13,MAIL,2
BASEBALLCAP,17,5,10,32,29,16,BASEBALLCAP,1
ADVERTISE,17,3,12,32,30,17,ADVERTISE,1
WINK,16,3,13,32,27,13,WINK,1
SAME2,14,3,15,32,28,14,SAME,2
AFTER,15,3,14,32,29,15,AFTER,1
MOTHER,14,3,15,32,28,14,MOTHER,1
BASEMENT,15,3,14,32,29,15,BASEMENT,1
APPLE,17,4,11,32,31,16,APPLE,1
BASKET1,16,4,12,32,30,15,BASKET,2
SERVE1,16,4,12,32,29,14,SERVE,2
APPEAR,14,4,14,32,29,14,APPEAR,1
MOTORCYCLE,14,4,14,32,29,14,MOTORCYCLE,1
ANYONE,17,3,12,32,31,17,ANYONE,1
EGYPT,14,4,14,32,29,14,EGYPT,1
BATH,14,3,15,32,28,14,BATH,1
FAIL,17,3,12,32,31,17,FAIL,1
ABOUT1,13,7,12,32,28,13,ABOUT,2
EGGBEATER,16,4,12,32,30,15,EGGBEATER,1
EMBARRASS,15,3,14,32,29,15,EMBARRASS,1
MEASURE1,14,4,14,32,29,14,MEASURE,2
FILTER,16,4,12,32,29,14,FILTER,1
ALPHABET,15,3,14,32,29,15,ALPHABET,1
AUTISM1,17,5,10,32,29,16,AUTISM,2
MAYBE,14,4,14,32,29,14,MAYBE,1
SCARED,14,4,14,32,29,14,SCARED,1
FINISH,15,3,14,32,29,15,FINISH,1
ALLOFSUDDEN,17,3,12,32,31,17,ALLOFSUDDEN,1
BACKOUT,16,4,12,32,30,15,BACKOUT,1
EUROPE,14,4,14,32,29,14,EUROPE,1
EXPERIENCE,15,3,14,32,29,15,EXPERIENCE,1
SANDWICH2,15,3,14,32,27,13,SANDWICH,4
WHY,14,4,14,32,29,14,WHY,1
WHO,14,4,14,32,29,14,WHO,1
FLUTE,16,4,12,32,29,14,FLUTE,1
ACTION,14,4,14,32,29,14,ACTION,1
WHICH,14,4,14,32,29,14,WHICH,1
FALL2,14,4,14,32,29,14,FALL,2
ENTER,16,4,12,32,29,14,ENTER,1
FALLINGASLEEP,16,4,12,32,29,14,FALLINGASLEEP,1
WOMAN1,14,4,14,32,29,14,WOMAN,2
WHAT1,16,3,13,32,27,13,WHAT,2
ERASE4,16,4,12,32,28,15,ERASE,5
WORM,15,3,14,32,29,15,WORM,1
EXPLANATION,14,4,14,32,29,14,EXPLANATION,1
EACH,16,4,12,32,29,14,EACH,1
WEAR,15,3,14,32,29,15,WEAR,1
FRACTION,16,4,12,32,29,14,FRACTION,1
LIPSTICK,15,3,14,32,29,15,LIPSTICK,1
5DOLLARS,16,4,12,32,31,16,5DOLLARS,1
AND,15,3,14,32,29,15,AND,1
ZOOMOFF,15,4,13,32,29,15,ZOOMOFF,1
WANT1,16,4,12,32,30,15,WANT,2
LOOKAPPEARANCE,14,3,15,32,28,14,LOOKAPPEARANCE,1
ANGRY,14,3,15,32,28,14,ANGRY,1
FAVORITE,14,3,15,32,28,14,FAVORITE,1
FARM,15,3,14,32,29,15,FARM,1
FAULT,14,4,14,32,29,14,FAULT,1
BEHAVIOR,16,3,13,32,27,13,BEHAVIOR,1
RIGHT2,14,4,14,32,29,14,RIGHT,3
WRISTWATCH3,16,3,13,32,27,13,WRISTWATCH,3
FEW,16,3,13,32,27,13,FEW,1
MEDITATE3,16,3,13,32,27,13,MEDITATE,3
MORNING,14,4,14,32,29,14,MORNING,1
BECAUSE,14,3,15,32,28,14,BECAUSE,1
GUILTY,15,4,12,31,30,15,GUILTY,1
GUITAR,15,3,13,31,29,15,GUITAR,1
PLUNGER,15,4,12,31,30,15,PLUNGER,1
RING,14,4,13,31,29,14,RING,1
SALTSHAKER,16,3,12,31,29,15,SALTSHAKER,1
PLUS,15,4,12,31,29,14,PLUS,1
POINTINDEX,15,3,13,31,27,13,POINTINDEX,1
RIGHT3,17,3,11,31,29,15,RIGHT,3
POLE,15,4,12,31,30,15,POLE,1
PLANT,16,4,11,31,29,14,PLANT,1
POLICEMAN2,16,3,12,31,29,15,POLICEMAN,2
FINANCE,16,4,11,31,27,13,FINANCE,1
PLAYGROUND,14,4,13,31,29,14,PLAYGROUND,1
PLANET,15,4,12,31,29,14,PLANET,1
PLAN,15,4,12,31,28,13,PLAN,1
PLEASE,14,4,13,31,29,14,PLEASE,1
PLUG2,15,3,13,31,27,13,PLUG,2
GROUP,15,3,13,31,27,13,GROUP,1
FIND,14,4,13,31,29,14,FIND,1
ROBOT,16,3,12,31,29,15,ROBOT,1
SALT,14,4,13,31,29,14,SALT,1
HAIRDRYER2,16,3,12,31,27,13,HAIRDRYER,3
POLICEMAN1,14,3,14,31,28,14,POLICEMAN,2
PIRATE,15,4,12,31,29,14,PIRATE,1
FILM,15,4,12,31,30,15,FILM,1
PINK,14,4,13,31,29,14,PINK,1
HELICOPTER2,17,3,11,31,29,15,HELICOPTER,3
FIRE,15,3,13,31,29,15,FIRE,1
FAT,15,4,12,31,30,15,FAT,1
PIPE1,14,3,14,31,28,14,PIPE,4
FISH,14,4,13,31,29,14,FISH,1
FIRST,14,4,13,31,29,14,FIRST,1
GLOVES2,15,3,13,31,29,15,GLOVES,4
GLOVES1,13,6,12,31,28,13,GLOVES,4
GUILLOTINE1,14,4,13,31,29,14,GUILLOTINE,2
RICH,15,4,12,31,28,13,RICH,1
GLOVES4,15,3,13,31,27,13,GLOVES,4
RHINO3,16,4,11,31,26,13,RHINO,3
GRASP,16,3,12,31,27,13,GRASP,1
RHINO2,17,3,11,31,29,15,RHINO,3
FANTASY,15,4,12,31,27,13,FANTASY,1
GRAPES1,14,4,13,31,29,14,GRAPES,2
PLATE,15,4,12,31,28,13,PLATE,1
GUIDE,15,3,13,31,28,14,GUIDE,1
ROAD,16,4,11,31,29,15,ROAD,1
GROW,15,3,13,31,28,15,GROW,1
GRASS,14,4,13,31,29,14,GRASS,1
POPULAR,15,3,13,31,27,13,POPULAR,1
POSSIBLE,14,4,13,31,29,14,POSSIBLE,1
POLICY,15,4,12,31,30,15,POLICY,1
PISSEDOFF,15,3,13,31,27,13,PISSEDOFF,1
SAW1,15,4,12,31,30,15,SAW,2
PLAYERS,14,4,13,31,28,13,PLAYERS,1
HAWAII,15,3,13,31,27,13,HAWAII,1
POOP,15,3,13,31,27,13,POOP,1
HEART,15,4,12,31,30,15,HEART,1
HEAD,16,4,11,31,29,15,HEAD,1
HEADACHE,15,4,12,31,30,15,HEADACHE,1
HEADCOLD,16,5,10,31,27,14,HEADCOLD,1
HEADGRIND,14,4,13,31,27,12,HEADGRIND,1
GRIEVE,15,4,12,31,26,12,GRIEVE,1
HEARINGAID,14,4,13,31,29,14,HEARINGAID,1
HAT2,15,3,13,31,27,13,HAT,2
HATCH2,16,3,12,31,29,15,HATCH,2
FIGHT,14,4,13,31,29,14,FIGHT,1
HATE,16,4,11,31,27,13,HATE,1
FEEDBACK,15,3,13,31,27,13,FEEDBACK,1
HEADPHONES,15,4,12,31,28,13,HEADPHONES,1
FEED1,16,3,12,31,27,13,FEED,2
HEAR2,15,4,12,31,27,13,HEAR,2
FILLOUT,15,4,12,31,28,13,FILLOUT,1
FIGURE,13,5,13,31,28,13,FIGURE,1
HEAP,15,3,13,31,27,13,HEAP,1
FILE3,15,3,13,31,27,13,FILE,3
HARMONICA,15,4,12,31,30,15,HARMONICA,1
SAILBOAT,16,4,11,31,30,15,SAILBOAT,1
GUN2,16,3,12,31,27,14,GUN,3
SAIL2,17,3,11,31,28,15,SAIL,2
GUN3,15,3,13,31,27,13,GUN,3
PLUG1,16,3,12,31,28,14,PLUG,2
HABIT,15,4,12,31,28,13,HABIT,1
PLOW2,16,4,11,31,28,15,PLOW,2
PLACE,15,4,12,31,29,14,PLACE,1
PLUMMET,15,5,11,31,27,13,PLUMMET,1
FIANCE,13,4,14,31,27,12,FIANCE,1
PIZZACUTTER,16,3,12,31,29,15,PIZZACUTTER,1
HAMSTER,15,4,12,31,28,13,HAMSTER,1
HANDCUFFS,15,4,12,31,29,14,HANDCUFFS,1
PITCHER,13,4,14,31,27,12,PITCHER,1
PIZZA2,16,3,12,31,28,14,PIZZA,2
HANDSOAP,15,4,12,31,30,15,HANDSOAP,1
SAMETIME,15,3,13,31,28,14,SAMETIME,1
HANDSOME1,15,4,12,31,30,15,HANDSOME,4
HANDSOME2,15,4,12,31,29,14,HANDSOME,4
SAMESAME,16,3,12,31,27,13,SAMESAME,1
PIZZA1,15,4,12,31,30,15,PIZZA,2
PITY,15,3,13,31,27,13,PITY,1
HANDSOME3,14,3,14,31,26,12,HANDSOME,4
HALL,16,4,11,31,27,13,HALL,1
POP3,16,4,11,31,27,14,POP,4
POP4,16,3,12,31,27,13,POP,4
POPCORN,15,4,12,31,30,15,POPCORN,1
HANDS,16,5,10,31,27,14,HANDS,1
PUSH,13,4,14,31,27,12,PUSH,1
PURPLE,14,4,13,31,29,14,PURPLE,1
PUNISH,15,3,13,31,27,13,PUNISH,1
GARAGE,15,3,13,31,29,15,GARAGE,1
FORK2,15,3,13,31,28,14,FORK,4
GAMBLE,16,4,11,31,27,13,GAMBLE,1
GETTHROUGH,14,3,14,31,27,13,GETTHROUGH,1
PIPE2,17,4,10,31,29,15,PIPE,4
GET,14,4,13,31,29,14,GET,1
GERMANY,16,3,12,31,28,14,GERMANY,1
GENERATION,15,4,12,31,30,15,GENERATION,1
GLASS1,16,3,12,31,28,14,GLASS,3
FORK3,16,4,11,31,27,13,FORK,4
PROVIDE,15,4,12,31,28,13,PROVIDE,1
RIDE1,16,3,12,31,29,15,RIDE,2
PROTEST,14,4,13,31,27,13,PROTEST,1
GETINBED,16,3,12,31,29,15,GETINBED,1
PUMPKIN,15,3,13,31,27,13,PUMPKIN,1
QUIT,14,3,14,31,27,13,QUIT,1
QUIET,15,4,12,31,29,14,QUIET,1
FOLLOW1,16,4,11,31,30,16,FOLLOW,4
QUALITY,15,4,12,31,27,13,QUALITY,1
QM,15,3,13,31,27,13,QM,1
FOND,16,3,12,31,26,13,FOND,1
RADIO,14,4,13,31,29,14,RADIO,1
FORK1,15,3,13,31,27,13,FORK,4
GIVEUP,15,4,12,31,29,14,GIVEUP,1
GIRAFFE,15,4,12,31,30,15,GIRAFFE,1
RESIGN,15,4,12,31,30,15,RESIGN,1
RESPONSIBILITY,13,5,13,31,28,13,RESPONSIBILITY,1
GHOST,16,3,12,31,29,15,GHOST,1
GETTOGETHER,16,3,12,31,30,16,GETTOGETHER,1
FOREVER2,15,4,12,31,26,12,FOREVER,2
FORGETFUL,14,3,14,31,27,13,FORGETFUL,1
RABBIT2,17,3,11,31,30,16,RABBIT,2
FROWN1,15,3,13,31,27,13,FROWN,2
FRONT,15,3,13,31,29,15,FRONT,1
FROM,14,5,12,31,29,14,FROM,1
RECITE,15,5,11,31,27,13,RECITE,1
RAKE,16,3,12,31,27,13,RAKE,1
RANGE,15,4,12,31,30,15,RANGE,1
REASON,15,4,12,31,28,13,REASON,1
RAZOR1,14,4,13,31,29,14,RAZOR,2
GALLAUDET,14,4,13,31,29,14,GALLAUDET,1
READ,14,4,13,31,29,14,READ,1
FRIENDSNOMORE1,14,3,14,31,26,12,FRIENDSNOMORE,1
FOUL,15,3,13,31,27,13,FOUL,1
FRECKLES,15,4,12,31,30,15,FRECKLES,1
FREAKOUT,15,4,12,31,30,15,FREAKOUT,1
FRINGE,16,5,10,31,27,14,FRINGE,1
FRAUD,14,4,13,31,28,14,FRAUD,1
FROG,15,4,12,31,26,12,FROG,1
REACT,15,3,13,31,27,13,REACT,1
RIGHT1,15,4,12,31,30,15,RIGHT,3
GAY,15,5,11,31,25,12,GAY,1
RESTALLDAY,15,3,13,31,28,14,RESTALLDAY,1
RESTAURANT,15,4,12,31,30,15,RESTAURANT,1
GATE,15,3,13,31,28,14,GATE,1
GAS,14,4,13,31,29,14,GAS,1
REALLY,15,4,12,31,30,15,REALLY,1
RESULT,15,4,12,31,30,15,RESULT,1
FRENCHFRIES,14,4,13,31,29,14,FRENCHFRIES,1
RELIGION,14,4,13,31,29,14,RELIGION,1
RELEASE,15,4,12,31,30,15,RELEASE,1
RETIRE,14,4,13,31,27,13,RETIRE,1
RETRIEVE,15,3,13,31,27,13,RETRIEVE,1
FOURTH,15,3,13,31,27,13,FOURTH,1
REGULAR,16,3,12,31,27,13,REGULAR,1
FOX,14,3,14,31,28,14,FOX,1
REGISTER,15,3,13,31,28,14,REGISTER,1
RECORD,15,3,13,31,28,14,RECORD,1
POUR2,16,4,11,31,27,13,POUR,2
POUR1,15,4,12,31,27,13,POUR,2
RUDE,15,4,12,31,30,15,RUDE,1
RULE,13,4,14,31,27,12,RULE,1
ROLL,16,4,11,31,29,15,ROLL,1
POSSUM,15,3,13,31,26,13,POSSUM,1
PRESS,17,5,9,31,27,15,PRESS,1
FOLD2,15,3,13,31,26,12,FOLD,2
PRECIOUS,16,3,12,31,30,16,PRECIOUS,1
ROAST,16,4,11,31,29,15,ROAST,1
PRIORITY,14,4,13,31,27,13,PRIORITY,1
PRINT,14,3,14,31,28,14,PRINT,1
ROB,15,4,12,31,30,15,ROB,1
FLIPSWITCH,15,4,12,31,30,15,FLIPSWITCH,1
PROTECTION,16,3,12,31,27,13,PROTECTION,1
PROPELLER,15,3,13,31,28,14,PROPELLER,1
PREFER,15,4,12,31,30,15,PREFER,1
GREET1,16,3,12,31,30,16,GREET,2
PRAYER,16,3,12,31,27,13,PRAYER,1
ROCK,14,4,13,31,29,14,ROCK,1
GRAMMAR,17,3,11,31,29,15,GRAMMAR,1
GRADUATE,15,4,12,31,29,14,GRADUATE,1
FLASHLIGHT1,15,4,12,31,30,15,FLASHLIGHT,4
GRADE,13,4,14,31,27,12,GRADE,1
GRAB,16,4,11,31,27,13,GRAB,1
POWDER,16,3,12,31,30,16,POWDER,1
FLASHLIGHT4,16,3,12,31,27,13,FLASHLIGHT,4
FLIP,17,3,11,31,29,16,FLIP,1
GRAY,16,3,12,31,29,15,GRAY,1
PRACTICE,15,4,12,31,30,15,PRACTICE,1
FLIPFLOPS,15,4,12,31,28,13,FLIPFLOPS,1
ROSE,16,3,12,31,30,16,ROSE,1
ROUGH,16,3,12,31,29,15,ROUGH,1
ROW,15,5,11,31,27,13,ROW,1
FLASHLIGHT2,16,3,12,31,29,15,FLASHLIGHT,4
FOOL,16,3,12,31,27,13,FOOL,1
FORBID,16,4,11,31,27,13,FORBID,1
GOINGTHROUGHAHARDTIME,15,4,12,31,27,13,GOINGTHROUGHAHARDTIME,1
GOBACKANDFORTH,14,3,14,31,26,12,GOBACKANDFORTH,1
GOVERNMENT,14,4,13,31,29,14,GOVERNMENT,1
GOTOJAIL,13,4,14,31,27,12,GOTOJAIL,1
GOTHROUGH,15,3,13,31,27,13,GOTHROUGH,1
GLOVE,15,3,13,31,29,15,GLOVE,1
FLOAT1,18,3,10,31,31,18,FLOAT,3
GLASS3,16,3,12,31,27,13,GLASS,3
GOAT,14,4,13,31,29,14,GOAT,1
GO,15,3,13,31,28,14,GO,1
FOREVER1,16,3,12,31,29,15,FOREVER,2
GLUE1,14,4,13,31,27,12,GLUE,2
GLOW,14,4,13,31,27,12,GLOW,1
GOODYGOODY,14,3,14,31,26,12,GOODYGOODY,1
FOLD1,15,4,12,31,30,15,FOLD,2
GLASSES,14,4,13,31,29,14,GLASSES,1
PROMOTE,13,5,13,31,28,13,PROMOTE,1
PROMISE,15,4,12,31,30,15,PROMISE,1
PROJECT,14,5,12,31,29,13,PROJECT,1
FLOOR,15,4,12,31,30,15,FLOOR,1
GORILLA,15,4,12,31,30,15,GORILLA,1
FLOWER,15,3,13,31,29,15,FLOWER,1
GOOSEBUMPS,15,4,12,31,29,14,GOOSEBUMPS,1
REMEMBER2,15,3,13,31,27,13,REMEMBER,2
GOLF,13,5,13,31,28,13,GOLF,1
PRIDE,14,4,13,31,29,14,PRIDE,1
REMOTECONTROL,15,4,12,31,28,13,REMOTECONTROL,1
PRICE,16,4,11,31,30,16,PRICE,1
PRETEND,16,3,12,31,29,15,PRETEND,1
PRODUCESIGN,14,4,13,31,27,12,PRODUCESIGN,1
PROBLEM1,14,4,13,31,29,14,PROBLEM,2
GOOD,15,4,12,31,30,15,GOOD,1
REMOVE,16,3,12,31,30,16,REMOVE,1
PRIEST,15,4,12,31,26,12,PRIEST,1
LIVINGROOM,15,4,12,31,29,14,LIVINGROOM,1
LIST,15,3,13,31,27,13,LIST,1
LIPREAD,15,3,13,31,28,14,LIPREAD,1
LOCK3,16,3,12,31,27,13,LOCK,3
LIGHT,15,3,13,31,28,14,LIGHT,1
LIFT1,16,5,10,31,27,14,LIFT,2
LIE,15,4,12,31,30,15,LIE,1
LICKENVELOPE2,17,4,10,31,29,15,LICKENVELOPE,2
LICKENVELOPE1,16,3,12,31,29,15,LICKENVELOPE,2
FAST,16,3,12,31,27,13,FAST,1
LIGHTNING,15,4,12,31,26,12,LIGHTNING,1
LAND,16,5,10,31,27,14,LAND,1
LETMESEE,16,3,12,31,28,14,LETMESEE,1
LETGO,16,4,11,31,29,15,LETGO,1
LICK1,15,4,12,31,29,14,LICK,2
LICENSE,15,4,12,31,27,13,LICENSE,1
LIBRARY,15,3,13,31,29,15,LIBRARY,1
LETTER2,15,4,12,31,30,15,LETTER,2
NECKLACE1,14,4,13,31,29,14,NECKLACE,4
LION,14,4,13,31,29,14,LION,1
MORE,15,4,12,31,30,15,MORE,1
MOVEDOWN,15,4,12,31,29,14,MOVEDOWN,1
MOVE,15,4,12,31,30,15,MOVE,1
MOUTH,17,3,11,31,30,16,MOUTH,1
MOUSE,14,4,13,31,29,14,MOUSE,1
MOUNTAIN1,15,3,13,31,29,15,MOUNTAIN,2
MONKEY,14,4,13,31,29,14,MONKEY,1
MONEY2,15,3,13,31,27,13,MONEY,2
MONEY1,15,4,12,31,29,14,MONEY,2
MISUNDERSTAND,16,3,12,31,27,13,MISUNDERSTAND,1
MOST,16,3,12,31,28,14,MOST,1
MOSQUITO,16,3,12,31,30,16,MOSQUITO,1
LONGWORD,14,4,13,31,29,14,LONGWORD,1
LONGLINE,17,3,11,31,29,15,LONGLINE,1
LOLLIPOP,16,3,12,31,28,14,LOLLIPOP,1
LOSEGAME,15,3,13,31,27,13,LOSEGAME,1
LOSE,16,3,12,31,27,13,LOSE,1
LOOKAT,14,4,13,31,29,14,LOOKAT,1
MIX3,15,3,13,31,28,14,MIX,3
MIX1,15,4,12,31,28,13,MIX,3
MOTIVATION2,16,4,11,31,29,15,MOTIVATION,2
NINE,16,3,12,31,29,15,NINE,1
NIECE,16,3,12,31,28,14,NIECE,1
NICE,16,3,12,31,30,16,NICE,1
NORMAL,15,4,12,31,30,15,NORMAL,1
LAST,14,4,13,31,29,14,LAST,1
LAPTOP,14,5,12,31,29,14,LAPTOP,1
LAZY,15,3,13,31,29,15,LAZY,1
LAYDOWN,16,3,12,31,30,16,LAYDOWN,1
LEMON1,14,4,13,31,29,14,LEMON,2
NEAR,15,4,12,31,30,15,NEAR,1
LEAVEALONE,16,3,12,31,29,15,LEAVEALONE,1
LEATHER,15,4,12,31,30,15,LEATHER,1
LAMP2,15,3,13,31,27,13,LAMP,2
LABEL,16,3,12,31,30,16,LABEL,1
KNOW,14,4,13,31,29,14,KNOW,1
LAWNMOWER,14,4,13,31,29,14,LAWNMOWER,1
LAW,14,4,13,31,27,13,LAW,1
LATE,14,4,13,31,29,14,LATE,1
KNEEL,15,4,12,31,30,15,KNEEL,1
KITTEN,14,4,13,31,27,13,KITTEN,1
LEFT,15,4,12,31,27,13,LEFT,1
NAPKIN,15,4,12,31,30,15,NAPKIN,1
NETWORK,15,4,12,31,27,13,NETWORK,1
NEXT,15,3,13,31,28,14,NEXT,1
NEW,14,4,13,31,29,14,NEW,1
NEVER,15,3,13,31,27,13,NEVER,1
NEUTRAL,14,4,13,31,29,14,NEUTRAL,1
MUSEUM,15,3,13,31,29,15,MUSEUM,1
MUCH,15,3,13,31,29,15,MUCH,1
NAILCLIPPER,16,3,12,31,28,14,NAILCLIPPER,1
LEARN,15,4,12,31,30,15,LEARN,1
MUST,15,3,13,31,28,14,MUST,1
NECKLACE3,15,5,11,31,27,13,NECKLACE,4
NONSENSE,15,4,12,31,27,13,NONSENSE,1
NONE,15,4,12,31,28,13,NONE,1
NOTHING2,16,4,11,31,29,15,NOTHING,2
NOTHING1,15,4,12,31,30,15,NOTHING,2
NOTATHING,15,3,13,31,28,14,NOTATHING,1
NOSEBLEED,14,4,13,31,28,13,NOSEBLEED,1
NOSE,16,3,12,31,30,16,NOSE,1
LEARNLESSON,15,4,12,31,26,12,LEARNLESSON,1
MYSELF,17,3,11,31,29,15,MYSELF,1
ABSOLUTELYNOTHING,15,4,12,31,30,15,ABSOLUTELYNOTHING,1
ABOVE,15,4,12,31,29,14,ABOVE,1
ADDICT,15,3,13,31,27,13,ADDICT,1
ADD,15,4,12,31,29,14,ADD,1
ACTOR,15,3,13,31,29,15,ACTOR,1
ABBREVIATE,15,4,12,31,29,14,ABBREVIATE,1
LUCK,15,3,13,31,28,14,LUCK,1
LOUSY,16,3,12,31,28,14,LOUSY,1
LOUD,13,5,13,31,28,13,LOUD,1
MAPLE,18,3,10,31,31,18,MAPLE,1
MAGNET2,15,3,13,31,28,14,MAGNET,4
MAGAZINE,14,4,13,31,29,14,MAGAZINE,1
MACHINE,14,4,13,31,29,14,MACHINE,1
MEDICINE,15,3,13,31,27,13,MEDICINE,1
MEAT2,16,4,11,31,27,13,MEAT,2
MEMORIZEMEMORIZE,15,4,12,31,28,13,MEMORIZEMEMORIZE,1
MEMORIZE,14,4,13,31,27,13,MEMORIZE,1
MELT,16,3,12,31,29,15,MELT,1
MEGAPHONE,14,4,13,31,29,14,MEGAPHONE,1
LOST,15,3,13,31,27,13,LOST,1
WRITE,16,3,12,31,27,13,WRITE,1
WRISTWATCH2,15,3,13,31,27,13,WRISTWATCH,3
YOU,15,4,12,31,30,15,YOU,1
YELLOW,16,3,12,31,27,13,YELLOW,1
YEAR,15,4,12,31,30,15,YEAR,1
ZERO,16,3,12,31,27,13,ZERO,1
WRISTWATCH1,15,4,12,31,30,15,WRISTWATCH,3
WRING,15,4,12,31,30,15,WRING,1
WRESTLE,15,3,13,31,27,13,WRESTLE,1
ACCESS,15,4,12,31,30,15,ACCESS,1
WOW,16,4,11,31,27,13,WOW,1
YAWN3,16,3,12,31,27,13,YAWN,4
YAWN2,15,4,12,31,27,13,YAWN,4
YAWN1,15,4,12,31,30,15,YAWN,4
ACT,14,4,13,31,29,14,ACT,1
ACCOUNTANT,15,4,12,31,30,15,ACCOUNTANT,1
AFRICA,15,3,13,31,29,15,AFRICA,1
ADVANTAGE,16,3,12,31,30,16,ADVANTAGE,1
ADMIT,15,4,12,31,30,15,ADMIT,1
ZOO,16,3,12,31,29,15,ZOO,1
WRAPUP1,15,4,12,31,30,15,WRAPUP,2
MESS,16,5,10,31,27,14,MESS,1
MINDTURNED,15,3,13,31,27,13,MINDTURNED,1
MIND,14,4,13,31,29,14,MIND,1
MILK2,16,3,12,31,29,15,MILK,2
MIDDLE,15,4,12,31,27,13,MIDDLE,1
MICROWAVE,14,4,13,31,29,14,MICROWAVE,1
MISCHIEVOUS,16,3,12,31,27,13,MISCHIEVOUS,1
MANY,13,6,12,31,28,13,MANY,1
MAN,15,4,12,31,30,15,MAN,1
MARIONETTE,13,4,14,31,27,12,MARIONETTE,1
MAINSTREAM,15,3,13,31,27,13,MAINSTREAM,1
MICROSCOPE2,17,3,11,31,29,15,MICROSCOPE,3
MEXICAN1,15,4,12,31,30,15,MEXICAN,2
METAPHOR,16,3,12,31,27,13,METAPHOR,1
LUNGS,15,4,12,31,30,15,LUNGS,1
MAID,15,3,13,31,27,13,MAID,1
MAGNIFY2,16,4,11,31,26,13,MAGNIFY,2
MAGNIFY1,14,4,13,31,27,13,MAGNIFY,2
MAGNET4,16,3,12,31,27,13,MAGNET,4
MAGNET3,15,3,13,31,27,13,MAGNET,4
MAKE,14,4,13,31,29,14,MAKE,1
MEAT1,18,3,10,31,30,17,MEAT,2
MEAN2,15,3,13,31,29,15,MEAN,2
ME,13,5,13,31,28,13,ME,1
MCDONALDS,15,4,12,31,30,15,MCDONALDS,1
MEDITATE1,16,4,11,31,27,13,MEDITATE,3
8HOUR,17,3,11,31,30,16,8HOUR,1
YUCKY,16,3,12,31,28,14,YUCKY,1
YOYO,14,5,12,31,26,13,YOYO,1
YOURSELF,16,4,11,31,29,15,YOURSELF,1
METAL,17,3,11,31,30,16,METAL,1
MATH,13,6,12,31,28,13,MATH,1
MASCARA,15,3,13,31,27,13,MASCARA,1
MIRROR,15,4,12,31,30,15,MIRROR,1
MINUTE,15,4,12,31,29,14,MINUTE,1
MINIMUM2,14,4,13,31,29,14,MINIMUM,2
MINE,15,3,13,31,27,13,MINE,1
MONDAY,14,4,13,31,29,14,MONDAY,1
MODEL2,15,3,13,31,27,13,MODEL,2
MODEL1,15,3,13,31,28,14,MODEL,2
MOCK,15,4,12,31,30,15,MOCK,1
YOUR,16,4,11,31,30,15,YOUR,1
HUNGRY,15,4,12,31,30,15,HUNGRY,1
HUMMINGBIRD,16,4,11,31,28,15,HUMMINGBIRD,1
ICECREAM,14,3,14,31,28,14,ICECREAM,1
HYPOCRITE,15,5,11,31,29,13,HYPOCRITE,1
IMAGINE2,16,3,12,31,27,13,IMAGINE,2
IMAGINE1,14,4,13,31,29,14,IMAGINE,2
IGNORE,16,3,12,31,27,13,IGNORE,1
PHYSICS,16,3,12,31,29,15,PHYSICS,1
PHILOSOPHY,14,4,13,31,27,13,PHILOSOPHY,1
KITCHEN,15,4,12,31,30,15,KITCHEN,1
PILE,14,4,13,31,29,14,PILE,1
PIE,14,4,13,31,29,14,PIE,1
PICTURE,15,4,12,31,30,15,PICTURE,1
PINEAPPLE4,15,5,11,31,27,13,PINEAPPLE,5
PINEAPPLE3,16,3,12,31,29,15,PINEAPPLE,5
HUG,16,3,12,31,30,16,HUG,1
HOWL,14,3,14,31,26,12,HOWL,1
HOW2,14,3,14,31,27,13,HOW,2
HOW1,17,3,11,31,29,15,HOW,2
PILL,14,3,14,31,28,14,PILL,1
PEG2,17,3,11,31,27,15,PEG,3
PEG1,16,3,12,31,28,15,PEG,3
PERFUME2,15,4,12,31,29,14,PERFUME,2
PERFUME1,14,4,13,31,29,14,PERFUME,2
PERFECT,13,6,12,31,28,13,PERFECT,1
PEPPER,14,4,13,31,28,13,PEPPER,1
PEOPLE,16,3,12,31,29,16,PEOPLE,1
PECK,16,4,11,31,30,15,PECK,1
PEAS2,15,4,12,31,28,13,PEAS,2
PEEL2,14,4,13,31,27,14,PEEL,3
PENNY,17,3,11,31,30,16,PENNY,1
PENIS,14,4,13,31,27,13,PENIS,1
PENCIL,14,5,12,31,29,14,PENCIL,1
PEN,15,4,12,31,30,15,PEN,1
PEG3,16,3,12,31,26,13,PEG,3
IDENTITY,15,3,13,31,27,13,IDENTITY,1
INCH,14,4,13,31,27,13,INCH,1
IN,15,5,11,31,30,14,IN,1
IMPROVE,16,3,12,31,30,16,IMPROVE,1
IMPOSSIBLE,17,3,11,31,31,17,IMPOSSIBLE,1
PEAS1,15,4,12,31,27,13,PEAS,2
HARD,15,4,12,31,30,15,HARD,1
HAPPY,15,4,12,31,28,13,HAPPY,1
HANUKKAH,15,4,12,31,29,14,HANUKKAH,1
HISTORY,14,4,13,31,29,14,HISTORY,1
HIPPO2,15,3,13,31,27,13,HIPPO,2
HIPPO1,15,4,12,31,29,15,HIPPO,2
HINGE,15,4,12,31,29,15,HINGE,1
HIGHSCHOOL,15,4,12,31,28,13,HIGHSCHOOL,1
HIGHLIGHTER,16,5,10,31,28,15,HIGHLIGHTER,1
HOTEL,15,4,12,31,30,15,HOTEL,1
HEAVY,16,3,12,31,29,15,HEAVY,1
HEAVEN,15,3,13,31,29,15,HEAVEN,1
HEARTBODY,15,4,12,31,30,15,HEARTBODY,1
HIDE,15,4,12,31,30,15,HIDE,1
HERE,14,3,14,31,27,13,HERE,1
HEN,15,4,12,31,29,14,HEN,1
HELP,13,5,13,31,27,12,HELP,1
PINCH1,16,5,10,31,27,14,PINCH,2
PILLOW3,14,4,13,31,28,13,PILLOW,3
PILLOW2,16,3,12,31,29,15,PILLOW,3
HOLDACCOUNTABLE,15,3,13,31,28,14,HOLDACCOUNTABLE,1
HOTDOG,15,4,12,31,30,15,HOTDOG,1
PICK,16,3,12,31,27,13,PICK,1
PIANO,14,4,13,31,29,14,PIANO,1
HOP,15,3,13,31,27,13,HOP,1
HOODIE1,15,3,13,31,26,13,HOODIE,2
HONOR,16,3,12,31,27,13,HONOR,1
HONK,15,4,12,31,30,15,HONK,1
HOT,16,4,11,31,27,13,HOT,1
HOSE,16,3,12,31,27,13,HOSE,1
HARDOFHEARING,16,3,12,31,27,13,HARDOFHEARING,1
PERSUADE,15,3,13,31,29,15,PERSUADE,1
PERIOD,14,4,13,31,27,13,PERIOD,1
HONEY1,15,4,12,31,30,15,HONEY,2
HOME,14,4,13,31,29,14,HOME,1
HOLDTOGETHER,16,3,12,31,27,13,HOLDTOGETHER,1
HOLDHANDS,16,5,10,31,27,14,HOLDHANDS,1
HOLD2,15,3,13,31,27,13,HOLD,2
HOE,15,4,12,31,26,13,HOE,1
HOCKEY,15,4,12,31,30,15,HOCKEY,1
HIT1,14,4,13,31,27,12,HIT,2
PET1,16,3,12,31,29,15,PET,2
NOTINTERESTED,16,3,12,31,29,15,NOTINTERESTED,1
OFF,16,3,12,31,29,15,OFF,1
OCTOPUS,16,4,11,31,29,15,OCTOPUS,1
NUT1,16,3,12,31,28,14,NUT,2
OIL2,15,3,13,31,29,15,OIL,3
OFTEN,15,3,13,31,28,14,OFTEN,1
JUNIOR,14,4,13,31,29,14,JUNIOR,1
JUMP,16,3,12,31,27,13,JUMP,1
JUICE1,16,3,12,31,30,16,JUICE,2
PASSPORT,16,3,12,31,29,15,PASSPORT,1
PARACHUTE1,13,5,13,31,28,13,PARACHUTE,3
PAPERCUTTER,15,3,13,31,29,15,PAPERCUTTER,1
PAPER,14,4,13,31,29,14,PAPER,1
PANTS2,16,3,12,31,27,13,PANTS,2
JEALOUS,15,3,13,31,28,14,JEALOUS,1
JAR,15,4,12,31,30,15,JAR,1
JAPAN,16,3,12,31,27,13,JAPAN,1
JACKET3,16,4,11,31,30,15,JACKET,4
JIGSAWPUZZLE,15,4,12,31,30,15,JIGSAWPUZZLE,1
JEWISH,16,3,12,31,28,14,JEWISH,1
JUDGE,15,4,12,31,30,15,JUDGE,1
KNITTING3,16,3,12,31,27,13,KNITTING,3
KNIGHT1,18,3,10,31,31,18,KNIGHT,4
OR,15,4,12,31,29,14,OR,1
OPPORTUNITY,15,4,12,31,30,15,OPPORTUNITY,1
ONEMORE2,15,3,13,31,27,13,ONEMORE,2
KEYBOARD,13,4,14,31,28,13,KEYBOARD,1
KEY,15,4,12,31,30,15,KEY,1
KANGAROO2,15,3,13,31,27,13,KANGAROO,3
KISSFIST,15,4,12,31,27,13,KISSFIST,1
NOTUSEDTO,15,3,13,31,27,13,NOTUSEDTO,1
KISS1,15,4,12,31,30,15,KISS,3
OFFTHEPOINT,15,3,13,31,27,13,OFFTHEPOINT,1
OFFEND,17,3,11,31,29,15,OFFEND,1
ONE,15,4,12,31,30,15,ONE,1
OK,16,5,10,31,28,15,OK,1
OPEN,15,4,12,31,27,13,OPEN,1
OOPS,13,6,12,31,28,13,OOPS,1
ONLYONE,15,4,12,31,30,15,ONLYONE,1
ONION,15,4,12,31,28,13,ONION,1
NOTYET,14,3,14,31,27,13,NOTYET,1
KISS3,16,4,11,31,27,13,KISS,3
INEPT,16,3,12,31,27,13,INEPT,1
INDEPENDENT,16,5,10,31,27,14,INDEPENDENT,1
INSTITUTE,16,3,12,31,30,16,INSTITUTE,1
INSTAGRAM,14,4,13,31,27,13,INSTAGRAM,1
INSPIRING,14,3,14,31,27,13,INSPIRING,1
INTERESTED,15,4,12,31,29,14,INTERESTED,1
INTEREST,15,4,12,31,30,15,INTEREST,1
PASSOUT,16,5,10,31,28,15,PASSOUT,1
PEACOCK,16,3,12,31,30,16,PEACOCK,1
JEWELRY,18,3,10,31,31,18,JEWELRY,1
PEACH1,14,4,13,31,29,14,PEACH,2
PEACE,15,4,12,31,30,15,PEACE,1
PAY,15,4,12,31,29,14,PAY,1
INHALE,16,3,12,31,30,16,INHALE,1
PANCAKE,15,4,12,31,28,13,PANCAKE,1
PAINTBRUSH,14,4,13,31,29,14,PAINTBRUSH,1
PARENTS,15,4,12,31,30,15,PARENTS,1
PARAGRAPH,15,4,12,31,30,15,PARAGRAPH,1
PARACHUTE2,16,4,11,31,30,15,PARACHUTE,3
PATIENT1,13,5,13,31,28,13,PATIENT,3
PEACH2,14,4,13,31,27,12,PEACH,2
OVERWHELMED,15,4,12,31,30,15,OVERWHELMED,1
OUR,15,4,12,31,29,14,OUR,1
PAGE,16,5,10,31,28,15,PAGE,1
OWN,16,3,12,31,27,13,OWN,1
OWE,14,4,13,31,29,14,OWE,1
ITALY,16,3,12,31,27,13,ITALY,1
ISOLATED,16,3,12,31,28,14,ISOLATED,1
OPINION2,14,4,13,31,27,13,OPINION,2
OSTRICH,16,5,10,31,30,15,OSTRICH,1
INFLUENCE,16,3,12,31,30,16,INFLUENCE,1
ORDER1,14,4,13,31,28,13,ORDER,2
ORANGETHROAT,16,3,12,31,28,14,ORANGETHROAT,1
ORANGEEYES,16,3,12,31,28,14,ORANGEEYES,1
ORANGE,14,4,13,31,29,14,ORANGE,1
INVEST,15,4,12,31,30,15,INVEST,1
INTUITIVE,17,4,10,31,28,15,INTUITIVE,1
INTRODUCE,16,3,12,31,27,13,INTRODUCE,1
INTERVIEW,15,4,12,31,29,14,INTERVIEW,1
INTERVENE,14,4,13,31,27,13,INTERVENE,1
HUNT,15,3,13,31,29,15,HUNT,1
ORGANIZATION,14,4,13,31,27,13,ORGANIZATION,1
BUSY,16,3,12,31,28,14,BUSY,1
BUS,13,4,14,31,27,12,BUS,1
BURY3,15,3,13,31,27,13,BURY,4
CAKE,16,3,12,31,29,15,CAKE,1
TRIP1,16,3,12,31,26,13,TRIP,2
TRIANGLE,16,3,12,31,29,15,TRIANGLE,1
BULL,16,3,12,31,30,16,BULL,1
BUILDING,14,4,13,31,29,14,BUILDING,1
BUDGET,16,3,12,31,28,14,BUDGET,1
SHEEP,14,4,13,31,29,14,SHEEP,1
TRACTOR,17,5,9,31,27,15,TRACTOR,1
TOY3,16,4,11,31,27,13,TOY,3
TOY1,16,3,12,31,30,16,TOY,3
TOW3,15,3,13,31,27,13,TOW,3
TOW2,14,4,13,31,27,13,TOW,3
TRANSLATE,15,4,12,31,28,13,TRANSLATE,1
TRANSFER,14,4,13,31,29,14,TRANSFER,1
TWOMORE,15,4,12,31,30,15,TWOMORE,1
TWIRL,15,3,13,31,27,13,TWIRL,1
BUCKLE1,16,3,12,31,27,13,BUCKLE,2
TOAST,15,4,12,31,30,15,TOAST,1
TOP,14,4,13,31,27,13,TOP,1
TOOMUCH,16,4,11,31,29,15,TOOMUCH,1
TONGUE,16,4,11,31,30,16,TONGUE,1
TOMATO,17,3,11,31,29,15,TOMATO,1
THREE,14,3,14,31,28,14,THREE,1
TIEUP2,16,3,12,31,27,13,TIEUP,2
TIE2,15,3,13,31,26,13,TIE,2
TICKET,16,3,12,31,28,14,TICKET,1
BUTTER,14,4,13,31,29,14,BUTTER,1
TINY,15,3,13,31,28,14,TINY,1
TIMETOTIME,15,5,11,31,27,13,TIMETOTIME,1
TIME,15,4,12,31,30,15,TIME,1
CAFETERIA,14,4,13,31,28,13,CAFETERIA,1
BUY,16,4,11,31,27,13,BUY,1
BRA3,15,4,12,31,27,14,BRA,3
BOX,13,6,12,31,28,13,BOX,1
BURY2,15,3,13,31,27,13,BURY,4
BUMPY,16,3,12,31,28,14,BUMPY,1
BULLSHIT,16,3,12,31,30,16,BULLSHIT,1
TIREDOF,13,4,14,31,27,12,TIREDOF,1
BREAKTIME,16,5,10,31,27,14,BREAKTIME,1
UPLOAD,15,4,12,31,30,15,UPLOAD,1
VALLEY,15,4,12,31,27,13,VALLEY,1
VAIN,15,4,12,31,28,13,VAIN,1
VACUUM,16,3,12,31,27,13,VACUUM,1
VACATION,15,4,12,31,30,15,VACATION,1
VERB,14,4,13,31,29,14,VERB,1
BOW1,15,4,12,31,28,13,BOW,4
BOUNCE,14,3,14,31,26,12,BOUNCE,1
TURTLE,14,4,13,31,29,14,TURTLE,1
UNDERGRADUATE,16,3,12,31,27,13,UNDERGRADUATE,1
UNCLE,17,3,11,31,29,15,UNCLE,1
US,15,3,13,31,27,13,US,1
UPSET1,15,4,12,31,30,15,UPSET,2
BOTTOM,15,4,12,31,29,14,BOTTOM,1
BOTH,16,5,10,31,27,14,BOTH,1
BOSS,15,4,12,31,30,15,BOSS,1
BOWLING2,16,3,12,31,29,15,BOWLING,2
BOWLING1,14,4,13,31,29,14,BOWLING,2
UNDERWEAR1,17,2,12,31,27,16,UNDERWEAR,2
UNCERTAIN,16,3,12,31,30,16,UNCERTAIN,1
UMBRELLA,14,4,13,31,29,14,UMBRELLA,1
UDDER,15,4,12,31,28,13,UDDER,1
TUBE,16,3,12,31,30,16,TUBE,1
TTY,16,4,11,31,29,15,TTY,1
TRUTH,16,3,12,31,28,14,TRUTH,1
TRUE,13,6,12,31,28,13,TRUE,1
TRUCK2,14,4,13,31,27,13,TRUCK,2
TURN,16,3,12,31,30,16,TURN,1
BRAG,16,4,11,31,30,16,BRAG,1
TUESDAY,15,4,12,31,30,15,TUESDAY,1
BREAKDOWN2,15,4,12,31,29,14,BREAKDOWN,2
BRING,13,4,14,31,27,12,BRING,1
BRIGHT,15,4,12,31,29,14,BRIGHT,1
BRIDGE2,15,3,13,31,27,13,BRIDGE,2
BRIDESMAID,15,4,12,31,30,15,BRIDESMAID,1
BOWTIE,14,4,13,31,29,14,BOWTIE,1
BREAD,14,4,13,31,29,14,BREAD,1
BRAINWASH,15,4,12,31,30,15,BRAINWASH,1
BRAINSTORM,16,3,12,31,27,13,BRAINSTORM,1
TURKEY2,15,3,13,31,26,13,TURKEY,2
CHEW3,15,3,13,31,28,14,CHEW,4
CHOPSTICKS,13,4,14,31,27,12,CHOPSTICKS,1
CHOP,16,4,11,31,29,15,CHOP,1
CLAP,13,4,14,31,27,12,CLAP,1
CITY2,15,3,13,31,27,13,CITY,2
TEENAGER,15,3,13,31,27,13,TEENAGER,1
TECHNOLOGY,15,4,12,31,30,15,TECHNOLOGY,1
THANKYOU,16,3,12,31,30,16,THANKYOU,1
THANKSGIVING,15,4,12,31,30,15,THANKSGIVING,1
TOBACCO,14,4,13,31,29,14,TOBACCO,1
TENT,16,3,12,31,29,15,TENT,1
TENNIS,15,3,13,31,29,15,TENNIS,1
TEARRIP2,15,3,13,31,27,13,TEARRIP,2
TEARRIP1,15,4,12,31,30,15,TEARRIP,2
TEACHER,14,4,13,31,29,14,TEACHER,1
TEACH2,16,3,12,31,29,15,TEACH,2
TEACH1,17,3,11,31,29,15,TEACH,2
TEMPERBLOWUP,15,4,12,31,29,14,TEMPERBLOWUP,1
CHANCE,14,4,13,31,29,14,CHANCE,1
THAN,15,4,12,31,30,15,THAN,1
SUSHI,16,3,12,31,29,15,SUSHI,1
TAIL2,15,3,13,31,27,13,TAIL,2
SYMPATHY,15,4,12,31,28,13,SYMPATHY,1
SWORD,15,4,12,31,28,13,SWORD,1
TALK2,14,3,14,31,26,12,TALK,2
TALK1,14,4,13,31,29,14,TALK,2
TAKENOTES,14,4,13,31,27,13,TAKENOTES,1
CLASH,15,4,12,31,27,13,CLASH,1
SWEATPANTS,17,3,11,31,28,15,SWEATPANTS,1
CLEAN,15,4,12,31,29,14,CLEAN,1
SWEATER2,17,3,11,31,29,15,SWEATER,3
SWING1,15,4,12,31,30,15,SWING,2
SWIM1,16,3,12,31,28,14,SWIM,2
SWEETHEART,15,3,13,31,27,13,SWEETHEART,1
SWEEP,15,3,13,31,27,13,SWEEP,1
CIRCUSWHEEL,16,3,12,31,30,16,CIRCUSWHEEL,1
CIGAR,15,2,14,31,28,15,CIGAR,1
CHURN,15,4,12,31,30,15,CHURN,1
CLICK,15,4,12,31,29,14,CLICK,1
CLEFTCHIN,15,4,12,31,28,14,CLEFTCHIN,1
SWEATER3,13,4,14,31,27,12,SWEATER,3
CATCH2,16,3,12,31,29,15,CATCH,3
CAT3,16,3,12,31,29,15,CAT,3
TENDYOUR,15,4,12,31,29,14,TENDYOUR,1
CARROT1,14,4,13,31,29,14,CARROT,3
CAROUSEL,16,4,11,31,28,14,CAROUSEL,1
CAREFUL,15,4,12,31,30,15,CAREFUL,1
CARDS,16,3,12,31,29,15,CARDS,1
CARBATTERY,13,4,14,31,27,12,CARBATTERY,1
CASUAL,14,4,13,31,27,13,CASUAL,1
CHEER,17,3,11,31,29,15,CHEER,1
TOURNAMENT,15,3,13,31,29,15,TOURNAMENT,1
TRADITION,14,4,13,31,27,13,TRADITION,1
CALLATTENTION,14,4,13,31,29,14,CALLATTENTION,1
CALL2,15,3,13,31,27,13,CALL,2
CAN1,15,4,12,31,30,15,CAN,2
CAMPING,15,4,12,31,30,15,CAMPING,1
CAMERA,15,4,12,31,30,15,CAMERA,1
CAMCORDER,16,4,11,31,27,13,CAMCORDER,1
TIGER,14,5,12,31,29,14,TIGER,1
TOILET,13,6,12,31,28,13,TOILET,1
CANNOT,16,3,12,31,29,15,CANNOT,1
CHEAP,15,4,12,31,28,13,CHEAP,1
CHAT,14,4,13,31,29,14,CHAT,1
TALL2,14,4,13,31,29,14,TALL,2
TEASE,15,4,12,31,30,15,TEASE,1
CHAMPION,16,3,12,31,28,14,CHAMPION,1
CHALLENGE,15,4,12,31,30,15,CHALLENGE,1
CHARGE,15,4,12,31,30,15,CHARGE,1
THIEF2,15,3,13,31,29,15,THIEF,2
THINKPONDER,15,3,13,31,27,13,THINKPONDER,1
CATEPILLAR,16,4,11,31,29,15,CATEPILLAR,1
THINKCONNECT,14,4,13,31,27,12,THINKCONNECT,1
THROW2,15,3,13,31,27,13,THROW,2
CELLPHONE,16,3,12,31,29,15,CELLPHONE,1
THERAPY,16,3,12,31,30,16,THERAPY,1
THEN,15,4,12,31,29,14,THEN,1
THINKCHIN,15,3,13,31,27,13,THINKCHIN,1
THINK,16,3,12,31,27,13,THINK,1
CASTLE3,15,3,13,31,27,13,CASTLE,4
CASTLE1,14,4,13,31,29,14,CASTLE,4
CARVE,16,4,11,31,29,15,CARVE,1
THINKOVER,15,4,12,31,26,12,THINKOVER,1
AUTISM2,15,5,11,31,27,13,AUTISM,2
BACK,16,3,12,31,29,15,BACK,1
BACHELOR,15,4,12,31,26,12,BACHELOR,1
BABYSITTER,14,4,13,31,27,13,BABYSITTER,1
BABY2,17,3,11,31,29,15,BABY,2
AWKWARD,15,4,12,31,29,14,AWKWARD,1
ALLGONE,15,4,12,31,30,15,ALLGONE,1
ALL,15,3,13,31,28,14,ALL,1
ALITTLEBIT,15,4,12,31,30,15,ALITTLEBIT,1
BOIL2,14,4,13,31,27,13,BOIL,2
ALCOHOL,15,4,12,31,30,15,ALCOHOL,1
ALWAYS,16,5,10,31,27,14,ALWAYS,1
ALRIGHT,16,5,10,31,27,14,ALRIGHT,1
ASSIST,15,5,11,31,27,13,ASSIST,1
ASSEMBLY,16,4,11,31,26,13,ASSEMBLY,1
ASK,14,4,13,31,29,14,ASK,1
ASIA,15,3,13,31,29,15,ASIA,1
AUNT,15,4,12,31,29,14,AUNT,1
AUDITORIUM,15,4,12,31,30,15,AUDITORIUM,1
ALIGN,15,3,13,31,27,13,ALIGN,1
WEDNESDAY,13,5,13,31,28,13,WEDNESDAY,1
WEDDING,13,6,12,31,28,13,WEDDING,1
WHISTLE1,14,4,13,31,29,14,WHISTLE,2
WHISPER,16,3,12,31,30,16,WHISPER,1
WHIP,15,3,13,31,29,15,WHIP,1
WHERE,14,4,13,31,29,14,WHERE,1
WHEN,14,4,13,31,29,14,WHEN,1
WHEELCHAIR,16,5,10,31,27,14,WHEELCHAIR,1
BAG1,14,4,13,31,29,14,BAG,2
BAG2,15,4,12,31,27,13,BAG,2
WEWILLSEE,15,4,12,31,30,15,WEWILLSEE,1
WELCOME2,14,4,13,31,27,13,WELCOME,2
WELCOME1,15,4,12,31,30,15,WELCOME,2
WHATEVER,15,3,13,31,29,15,WHATEVER,1
WHAT2,15,4,12,31,26,12,WHAT,2
BACON,13,6,12,31,28,13,BACON,1
BALLOON,14,4,13,31,29,14,BALLOON,1
BALD,15,4,12,31,30,15,BALD,1
BAKE2,15,4,12,31,30,15,BAKE,2
BAKE1,14,4,13,31,29,14,BAKE,2
WHALE,16,5,10,31,27,14,WHALE,1
WINTER,15,4,12,31,29,14,WINTER,1
WINE,16,3,12,31,27,13,WINE,1
WINDOW,15,3,13,31,29,15,WINDOW,1
AMERICA,15,3,13,31,28,15,AMERICA,1
ANY,15,4,12,31,28,13,ANY,1
ANSWER,16,3,12,31,29,15,ANSWER,1
WINDMILL3,16,3,12,31,27,13,WINDMILL,3
WINDMILL1,13,4,14,31,28,13,WINDMILL,3
ALLWAY,15,5,11,31,28,14,ALLWAY,1
ATTITUDE,15,3,13,31,27,13,ATTITUDE,1
ANNOUNCE,15,4,12,31,30,15,ANNOUNCE,1
ANIMAL,14,4,13,31,29,14,ANIMAL,1
ANALYZE,15,4,12,31,27,13,ANALYZE,1
1DOLLAR,15,3,13,31,27,13,1DOLLAR,1
ACCORDION,15,4,12,31,29,14,ACCORDION,1
WONDER,15,4,12,31,30,15,WONDER,1
ZEBRA,17,4,10,31,30,16,ZEBRA,1
WRITEONWALL,16,4,11,31,29,15,WRITEONWALL,1
ALONE,15,4,12,31,26,12,ALONE,1
LUCKY,15,4,12,31,26,12,LUCKY,1
ALLOVER,15,3,13,31,28,14,ALLOVER,1
AREA,14,4,13,31,27,13,AREA,1
ARTICLE,16,3,12,31,30,16,ARTICLE,1
ARREST2,14,4,13,31,29,14,ARREST,3
ARREST1,15,4,12,31,30,15,ARREST,3
ARMY,14,4,13,31,29,14,ARMY,1
AT,14,4,13,31,27,13,AT,1
ASTRONAUT,15,4,12,31,30,15,ASTRONAUT,1
ASSISTANT,15,4,12,31,30,15,ASSISTANT,1
WHOLE,16,3,12,31,27,13,WHOLE,1
WILLGO,16,3,12,31,30,16,WILLGO,1
WHISTLE2,16,3,12,31,29,15,WHISTLE,2
ARM3,15,3,13,31,27,13,ARM,3
ARM1,13,4,14,31,28,13,ARM,3
ARIZONA,15,3,13,31,27,13,ARIZONA,1
9OCLOCK,14,4,13,31,29,14,9OCLOCK,1
WOLF,14,4,13,31,29,14,WOLF,1
WITCH1,15,3,13,31,29,15,WITCH,2
WORLD,15,4,12,31,30,15,WORLD,1
WIND,14,4,13,31,27,13,WIND,1
WIN,14,4,13,31,29,14,WIN,1
WHITEPERSON,15,4,12,31,27,13,WHITEPERSON,1
BLIND,14,4,13,31,29,14,BLIND,1
BLOWMIND,13,4,14,31,27,12,BLOWMIND,1
BLOW,15,4,12,31,30,15,BLOW,1
BLOOM,15,4,12,31,29,14,BLOOM,1
VEGETABLE,14,4,13,31,29,14,VEGETABLE,1
BISON,16,3,12,31,29,15,BISON,1
BIRTHDAY,15,4,12,31,28,13,BIRTHDAY,1
BIRD,14,4,13,31,29,14,BIRD,1
BIOLOGY,15,3,13,31,29,15,BIOLOGY,1
WEEK,14,4,13,31,29,14,WEEK,1
BIG,15,4,12,31,30,15,BIG,1
BLAME,16,3,12,31,29,15,BLAME,1
WATCH,15,4,12,31,30,15,WATCH,1
WASTE,14,4,13,31,29,14,WASTE,1
WASHMACHINE,16,3,12,31,27,13,WASHMACHINE,1
WASHHANDS,15,4,12,31,29,14,WASHHANDS,1
WASHDISHES,16,4,11,31,27,13,WASHDISHES,1
WASH2,16,3,12,31,29,15,WASH,2
WEAK,15,3,13,31,27,13,WEAK,1
BINOCULARS,15,4,12,31,30,15,BINOCULARS,1
BLUR,15,3,13,31,27,13,BLUR,1
BLUE,15,3,13,31,27,13,BLUE,1
BORED1,15,4,12,31,30,15,BORED,2
BOOK,15,4,12,31,30,15,BOOK,1
BOLT,15,3,13,31,28,14,BOLT,1
BOILINGMAD,16,5,10,31,27,14,BOILINGMAD,1
VITAMINS,15,4,12,31,29,14,VITAMINS,1
VISITOR,15,4,12,31,27,13,VISITOR,1
VIOLIN,15,4,12,31,30,15,VIOLIN,1
BLINDS2,16,3,12,31,29,15,BLINDS,2
VOICE,17,3,11,31,29,15,VOICE,1
WALL,15,4,12,31,29,14,WALL,1
WALK2,14,4,13,31,27,13,WALK,2
BLOND,16,3,12,31,27,13,BLOND,1
VIDEOCAMERA1,15,4,12,31,29,14,VIDEOCAMERA,2
VIBRATE,15,4,12,31,28,13,VIBRATE,1
VEST,14,4,13,31,27,13,VEST,1
VLOG,17,3,11,31,30,16,VLOG,1
BLACK,15,4,12,31,30,15,BLACK,1
BITEONARM,15,3,13,31,27,13,BITEONARM,1
VOMIT,17,3,11,31,29,15,VOMIT,1
AWAKE,13,4,14,31,27,12,AWAKE,1
AVOID,16,3,12,31,28,14,AVOID,1
AUTOMATIC,15,4,12,31,28,13,AUTOMATIC,1
BARELY,15,4,12,31,29,14,BARELY,1
BAR,13,6,12,31,28,13,BAR,1
BASIC,15,4,12,31,30,15,BASIC,1
BEAK,15,4,12,31,30,15,BEAK,1
BEACH,16,5,10,31,27,14,BEACH,1
WEAVE,16,3,12,31,30,16,WEAVE,1
BIB,15,4,12,31,28,13,BIB,1
BANDAGE,17,4,10,31,29,15,BANDAGE,1
BANANA3,15,3,13,31,27,13,BANANA,4
BANANA1,14,3,14,31,28,14,BANANA,4
BASEBALL,15,3,13,31,29,15,BASEBALL,1
BARK1,15,3,13,31,27,13,BARK,3
WE,16,3,12,31,30,16,WE,1
WAVE,15,4,12,31,30,15,WAVE,1
WATERSKI,15,4,12,31,30,15,WATERSKI,1
WATERDROP,16,3,12,31,30,16,WATERDROP,1
WEIGH,16,3,12,31,29,15,WEIGH,1
BANK,14,3,14,31,27,13,BANK,1
BETWEEN,16,3,12,31,30,16,BETWEEN,1
BETTER,14,3,14,31,27,13,BETTER,1
WASH1,16,3,12,31,28,14,WASH,2
WARN,15,3,13,31,29,15,WARN,1
WARM,15,4,12,31,28,13,WARM,1
WANDER,14,4,13,31,29,14,WANDER,1
BED2,16,3,12,31,27,13,BED,2
BED1,14,4,13,31,29,14,BED,2
BELL,16,5,10,31,28,15,BELL,1
AWARD,15,3,13,31,27,13,AWARD,1
WALK1,13,5,13,31,28,13,WALK,2
WALK-TIGHTROPE-CL,17,3,11,31,29,15,WALK-TIGHTROPE-CL,1
BECOME,16,3,12,31,30,16,BECOME,1
BEAVER,15,4,12,31,27,13,BEAVER,1
BEARD,16,3,12,31,27,13,BEARD,1
BEANS,16,3,12,31,28,14,BEANS,1
BEANIE,15,4,12,31,30,15,BEANIE,1
BATTERY,16,3,12,31,27,13,BATTERY,1
BATHROOM,14,3,14,31,28,14,BATHROOM,1
BAT3,13,4,14,31,27,12,BAT,3
BEHIND,15,4,12,31,30,15,BEHIND,1
SHOVEL1,14,4,13,31,29,14,SHOVEL,2
SHOULDER2,15,3,13,31,27,13,SHOULDER,3
SHOULDER1,14,3,14,31,28,14,SHOULDER,3
SHOT,15,4,12,31,30,15,SHOT,1
SHARPEN2,17,3,11,31,28,15,SHARPEN,3
SHOCKED,17,3,11,31,29,15,SHOCKED,1
SHIRT2,15,3,13,31,28,14,SHIRT,2
SHIRT1,14,4,13,31,29,14,SHIRT,2
SHELF,14,4,13,31,29,14,SHELF,1
SUSPEND,14,4,13,31,28,13,SUSPEND,1
SHORTPERSON,16,5,10,31,27,14,SHORTPERSON,1
SING,15,4,12,31,30,15,SING,1
SINCE,17,3,11,31,29,15,SINCE,1
SKI-CA,15,4,12,31,27,13,SKI-CA,1
SKI,17,3,11,31,29,15,SKI,1
SKATEBOARDING3,16,4,11,31,27,14,SKATEBOARDING,3
SKATEBOARDING2,15,4,12,31,27,13,SKATEBOARDING,3
SKATEBOARDING1,14,6,11,31,28,14,SKATEBOARDING,3
DRESSUP,14,4,13,31,29,14,DRESSUP,1
SHORTS,15,4,12,31,29,15,SHORTS,1
EDGE,16,4,11,31,29,15,EDGE,1
EASYTODO,16,3,12,31,30,16,EASYTODO,1
EASY,17,3,11,31,30,16,EASY,1
EITHER,16,3,12,31,27,13,EITHER,1
EARLY,13,4,14,31,27,12,EARLY,1
EAST,13,4,14,31,27,12,EAST,1
EASEL,15,4,12,31,28,13,EASEL,1
EARTHQUAKE,15,4,12,31,30,15,EARTHQUAKE,1
EARRING,16,3,12,31,27,13,EARRING,1
SHOOT2,15,3,13,31,28,14,SHOOT,2
DONTWANT,15,4,12,31,28,13,DONTWANT,1
SIDE,15,4,12,31,27,13,SIDE,1
SICK,14,4,13,31,29,14,SICK,1
SHY,14,4,13,31,29,14,SHY,1
SHRIMP,14,3,14,31,28,14,SHRIMP,1
DUCK2,17,3,11,31,30,16,DUCK,2
DRYER,14,4,13,31,29,14,DRYER,1
DRUM,15,4,12,31,29,15,DRUM,1
SHORTDISTANCE,15,4,12,31,30,15,SHORTDISTANCE,1
SHOP1,13,6,12,31,28,13,SHOP,2
DONUT,15,4,12,31,29,14,DONUT,1
SMART,15,4,12,31,30,15,SMART,1
SMALL,16,3,12,31,27,13,SMALL,1
SLIPPER,16,3,12,31,29,15,SLIPPER,1
SLIP2,15,3,13,31,27,13,SLIP,2
SNAP,16,3,12,31,28,14,SNAP,1
DOCTOR2,15,4,12,31,27,13,DOCTOR,2
DOLPHIN3,15,3,13,31,27,13,DOLPHIN,3
SLIP1,16,3,12,31,28,14,SLIP,2
SLINGSHOT,15,4,12,31,30,15,SLINGSHOT,1
DRESSER,16,4,11,31,29,15,DRESSER,1
SLICE1,16,4,11,31,30,16,SLICE,4
SMILE1,15,4,12,31,30,15,SMILE,2
DISCUSS,16,3,12,31,29,15,DISCUSS,1
DISAPPOINT,16,4,11,31,29,15,DISAPPOINT,1
DIVORCE,14,4,13,31,29,14,DIVORCE,1
DIVIDE,16,3,12,31,29,15,DIVIDE,1
DISRUPT,16,4,11,31,28,14,DISRUPT,1
DOG2,15,3,13,31,29,15,DOG,4
SIX,16,4,11,31,29,15,SIX,1
SLIDE2,17,3,11,31,29,15,SLIDE,2
SIGNATURE,16,3,12,31,29,15,SIGNATURE,1
SIGN,15,4,12,31,28,13,SIGN,1
SIDEBURNS,15,4,12,31,30,15,SIDEBURNS,1
SIT,13,4,14,31,27,12,SIT,1
SISTER,14,5,12,31,29,14,SISTER,1
DOOR,14,3,14,31,28,14,DOOR,1
DREAM,15,4,12,31,30,15,DREAM,1
DRAWER,14,5,12,31,29,14,DRAWER,1
DRAGON,15,3,13,31,28,14,DRAGON,1
SMELL,15,4,12,31,30,15,SMELL,1
DRINK1,14,4,13,31,29,14,DRINK,2
DRILL,16,3,12,31,27,13,DRILL,1
DONTMIND,14,4,13,31,29,14,DONTMIND,1
DONTLIKE,15,4,12,31,29,14,DONTLIKE,1
DONTKNOW,16,3,12,31,27,13,DONTKNOW,1
DONTFEELLIKE,16,3,12,31,30,16,DONTFEELLIKE,1
DOWNHILL,16,3,12,31,30,16,DOWNHILL,1
DOUBT,14,4,13,31,29,14,DOUBT,1
DOUBLE,15,4,12,31,30,15,DOUBLE,1
SMELLMONEY,16,5,10,31,28,15,SMELLMONEY,1
DRIP,14,3,14,31,27,13,DRIP,1
EXPLODE,15,4,12,31,28,13,EXPLODE,1
EXAMPLE,15,4,12,31,30,15,EXAMPLE,1
EVERYYEAR,16,5,10,31,27,14,EVERYYEAR,1
EVERYNIGHT,16,3,12,31,30,16,EVERYNIGHT,1
EVERYDAY,15,4,12,31,30,15,EVERYDAY,1
EXPERIMENT,16,3,12,31,30,16,EXPERIMENT,1
EXPECT,16,4,11,31,29,15,EXPECT,1
SAVE,13,5,13,31,26,12,SAVE,1
SAUSAGE,15,4,12,31,30,15,SAUSAGE,1
SEEM,14,3,14,31,27,13,SEEM,1
SARCASTIC,16,3,12,31,28,14,SARCASTIC,1
SANTA,13,4,14,31,27,12,SANTA,1
SCARF2,17,2,12,31,29,16,SCARF,4
SCARCELY,15,3,13,31,28,15,SCARCELY,1
SEAL,14,5,12,31,26,13,SEAL,1
SCULPTURE,16,3,12,31,29,15,SCULPTURE,1
SCULPT,15,4,12,31,27,13,SCULPT,1
SCRUB,16,3,12,31,27,13,SCRUB,1
SEND,15,4,12,31,26,12,SEND,1
SAUCE,15,4,12,31,29,14,SAUCE,1
FENCE2,15,3,13,31,28,14,FENCE,2
FEEL,15,4,12,31,30,15,FEEL,1
ROPE,15,4,12,31,30,15,ROPE,1
RUSH,15,4,12,31,26,12,RUSH,1
RUN1,15,4,12,31,30,15,RUN,2
RULER,15,3,13,31,27,13,RULER,1
FASHION,16,3,12,31,29,15,FASHION,1
FASCINATED,16,3,12,31,27,13,FASCINATED,1
FAR,15,4,12,31,30,15,FAR,1
EYEGLASSES,14,4,13,31,29,14,EYEGLASSES,1
FAKE,15,4,12,31,30,15,FAKE,1
FAIR,15,4,12,31,30,15,FAIR,1
ENGINESTART,15,4,12,31,30,15,ENGINESTART,1
ENGINEER,15,4,12,31,30,15,ENGINEER,1
ENERGY,15,4,12,31,27,13,ENERGY,1
ENEMY,15,4,12,31,29,14,ENEMY,1
EXERCISE,14,4,13,31,29,14,EXERCISE,1
FACE,16,3,12,31,28,14,FACE,1
EYETURN,15,5,11,31,27,13,EYETURN,1
EYESAWAKE,15,4,12,31,30,15,EYESAWAKE,1
FALL1,15,4,12,31,30,15,FALL,2
ERASER,13,5,13,31,28,13,ERASER,1
EVEN,16,4,11,31,27,13,EVEN,1
SHARPEN1,16,3,12,31,28,15,SHARPEN,3
SHARK1,17,4,10,31,28,14,SHARK,2
SHARE,16,3,12,31,28,14,SHARE,1
WORD,15,3,13,31,28,14,WORD,1
SHAVE4,16,3,12,31,27,14,SHAVE,5
SHAVE3,16,4,11,31,29,15,SHAVE,5
EMOTION,14,4,13,31,29,14,EMOTION,1
SENATE,15,4,12,31,30,15,SENATE,1
SERVE2,16,3,12,31,29,15,SERVE,2
SENTENCE2,16,5,10,31,27,14,SENTENCE,2
SHAKE2,15,4,12,31,27,13,SHAKE,2
SHAKE1,16,4,11,31,28,14,SHAKE,2
EIGHT,16,5,10,31,27,14,EIGHT,1
EGG,15,3,13,31,29,15,EGG,1
ELEGANCE,13,5,13,31,28,13,ELEGANCE,1
ELECTRICIAN,15,4,12,31,30,15,ELECTRICIAN,1
EMPHASIS,15,4,12,31,28,13,EMPHASIS,1
SEESEE,15,3,13,31,27,13,SEESEE,1
SETUP,13,5,13,31,28,13,SETUP,1
SELF,14,4,13,31,27,13,SELF,1
SELECT,16,3,12,31,29,15,SELECT,1
SCIENCE,14,4,13,31,29,14,SCIENCE,1
SCRIPT,15,4,12,31,28,13,SCRIPT,1
SCREWDRIVER3,16,3,12,31,27,13,SCREWDRIVER,3
SCREWDRIVER1,15,4,12,31,28,13,SCREWDRIVER,3
SCREAM,16,4,11,31,29,15,SCREAM,1
SCRATCH,14,4,13,31,27,13,SCRATCH,1
SEE,15,3,13,31,27,13,SEE,1
ENOUGH,17,3,11,31,29,15,ENOUGH,1
EVALUATE,14,4,13,31,29,14,EVALUATE,1
ESCAPE,13,4,14,31,27,12,ESCAPE,1
ESCALATOR,16,3,12,31,29,15,ESCALATOR,1
ERUPT2,17,3,11,31,29,15,ERUPT,2
SCOOP,16,3,12,31,27,13,SCOOP,1
SCOLD,16,3,12,31,30,16,SCOLD,1
SCISSORS,14,4,13,31,29,14,SCISSORS,1
END,16,3,12,31,28,14,END,1
ENVELOPE5,16,4,11,31,30,15,ENVELOPE,5
ENVELOPE1,15,4,12,31,30,15,ENVELOPE,5
SECRETARY,15,4,12,31,30,15,SECRETARY,1
COOL3,16,3,12,31,30,16,COOL,4
COUNTRY,16,3,12,31,27,13,COUNTRY,1
COUNT,16,3,12,31,30,16,COUNT,1
COUGH,13,6,12,31,28,13,COUGH,1
COUCH,16,5,10,31,27,14,COUCH,1
STEP,16,3,12,31,27,13,STEP,1
STAYAWAKE24HRS,15,4,12,31,27,13,STAYAWAKE24HRS,1
STATE,16,4,11,31,27,13,STATE,1
STING,15,3,13,31,27,13,STING,1
SITUATION,14,4,13,31,27,13,SITUATION,1
COOK,14,4,13,31,27,12,COOK,1
CONTINUE,15,4,12,31,30,15,CONTINUE,1
CONTACTLENS,15,4,12,31,29,14,CONTACTLENS,1
SUCKTHUMB,14,5,12,31,26,12,SUCKTHUMB,1
SUCK,16,3,12,31,29,15,SUCK,1
SUBTRACT,15,4,12,31,30,15,SUBTRACT,1
STUPID2,15,3,13,31,27,13,STUPID,2
SUMMARIZE,15,4,12,31,26,12,SUMMARIZE,1
CONSUME,15,4,12,31,29,14,CONSUME,1
CORN1,15,4,12,31,30,15,CORN,3
SQUIRREL,13,5,13,31,28,13,SQUIRREL,1
SQUEEZE,18,3,10,31,31,18,SQUEEZE,1
SQUAREIDIOT,14,4,13,31,26,12,SQUAREIDIOT,1
CROSSHEART,16,5,10,31,27,14,CROSSHEART,1
STORY2,16,3,12,31,29,15,STORY,3
STORY1,16,3,12,31,30,16,STORY,3
STOP,16,3,12,31,27,13,STOP,1
STOCKINGS,16,4,11,31,29,14,STOCKINGS,1
STIR,15,4,12,31,28,13,STIR,1
COOPERATE,16,3,12,31,29,15,COOPERATE,1
STRAWBERRY1,14,4,13,31,29,14,STRAWBERRY,4
COST,16,3,12,31,28,14,COST,1
CORNER,16,3,12,31,30,16,CORNER,1
CORN3,15,4,12,31,27,13,CORN,3
CRACK,13,4,14,31,27,12,CRACK,1
COUSIN,14,4,13,31,29,14,COUSIN,1
CREAM1,13,4,14,31,27,12,CREAM,2
CRAWL2,16,3,12,31,29,15,CRAWL,2
CORKSCREW1,16,4,11,31,30,15,CORKSCREW,2
COPY,17,3,11,31,30,16,COPY,1
STINK,16,3,12,31,30,16,STINK,1
COMB1,15,3,13,31,27,13,COMB,2
COLLEGE,14,4,13,31,29,14,COLLEGE,1
CHILD,16,5,10,31,27,14,CHILD,1
CLOUD4,16,3,12,31,29,15,CLOUD,4
CLOTHES,15,4,12,31,30,15,CLOTHES,1
CLOSET1,15,4,12,31,30,15,CLOSET,2
COLD,15,4,12,31,28,13,COLD,1
COINS,14,3,14,31,26,13,COINS,1
COCONUT,14,3,14,31,28,14,COCONUT,1
CONNECTION,15,4,12,31,30,15,CONNECTION,1
SURF,14,4,13,31,29,14,SURF,1
CLOSEEYES,16,3,12,31,29,15,CLOSEEYES,1
CLOCK1,16,3,12,31,28,14,CLOCK,2
CLIMBLADDER,16,3,12,31,28,14,CLIMBLADDER,1
CLIENT,16,3,12,31,30,16,CLIENT,1
CLOWN,15,3,13,31,29,15,CLOWN,1
SUPPORT2,16,4,11,31,29,15,SUPPORT,2
SUPERVISOR,16,3,12,31,30,16,SUPERVISOR,1
SUPERIOR,16,3,12,31,27,13,SUPERIOR,1
SUNRISE,15,3,13,31,27,13,SUNRISE,1
SURGEON,14,4,13,31,29,14,SURGEON,1
CONGRATULATIONS,13,6,12,31,28,13,CONGRATULATIONS,1
CONFIDENTIAL,14,4,13,31,27,13,CONFIDENTIAL,1
COOL1,15,4,12,31,30,15,COOL,4
STRING,13,4,14,31,27,12,STRING,1
COMPLAIN,14,4,13,31,27,13,COMPLAIN,1
COMMUNICATION,14,4,13,31,29,14,COMMUNICATION,1
COMMITTEE,15,3,13,31,27,13,COMMITTEE,1
COMMENT,15,4,12,31,27,13,COMMENT,1
CONFIDENT,15,4,12,31,30,15,CONFIDENT,1
COMB2,17,3,11,31,30,16,COMB,2
STRANGLE,14,3,14,31,26,12,STRANGLE,1
STRAIGHT,16,4,11,31,27,13,STRAIGHT,1
STRETCH2,15,3,13,31,27,13,STRETCH,2
STRESS,13,5,13,31,28,13,STRESS,1
STREET,14,4,13,31,29,14,STREET,1
STRAWBERRY2,16,3,12,31,29,15,STRAWBERRY,4
STRIPE,15,4,12,31,30,15,STRIPE,1
COMFORTABLE,15,5,11,31,27,13,COMFORTABLE,1
COMEOUT,16,3,12,31,27,13,COMEOUT,1
COMEHERE,14,3,14,31,26,12,COMEHERE,1
CONCERNED,15,4,12,31,29,14,CONCERNED,1
DESTROY,15,4,12,31,30,15,DESTROY,1
DIGUP,15,4,12,31,30,15,DIGUP,1
DIG,16,3,12,31,29,15,DIG,1
SMOOTH,16,3,12,31,30,16,SMOOTH,1
SNOWBOARD,16,3,12,31,27,13,SNOWBOARD,1
SNORKEL,15,4,12,31,30,15,SNORKEL,1
SNEEZE2,15,3,13,31,28,14,SNEEZE,2
SNEEZE1,16,3,12,31,28,14,SNEEZE,2
SNEAKADVENTURE,16,3,12,31,28,14,SNEAKADVENTURE,1
SPONTANEOUS,16,3,12,31,28,14,SPONTANEOUS,1
DEPTH,16,4,11,31,29,15,DEPTH,1
SPACE,15,5,11,31,27,13,SPACE,1
SPITOUT,15,4,12,31,29,14,SPITOUT,1
SPILL2,16,4,11,31,27,14,SPILL,2
SPIDER,15,4,12,31,28,13,SPIDER,1
SPICY,16,3,12,31,30,16,SPICY,1
SPEND,15,4,12,31,29,14,SPEND,1
SPREAD2,15,3,13,31,27,13,SPREAD,3
SPOTSOMETHING,13,4,14,31,27,12,SPOTSOMETHING,1
DESERT,14,4,13,31,29,14,DESERT,1
SLAVE,16,3,12,31,28,14,SLAVE,1
SKIN,16,3,12,31,28,14,SKIN,1
SKILL,14,4,13,31,27,13,SKILL,1
DISNEY,15,4,12,31,28,13,DISNEY,1
DISLIKE,16,4,11,31,27,13,DISLIKE,1
SOFA,15,4,12,31,27,13,SOFA,1
SOCKS,14,4,13,31,29,14,SOCKS,1
SOCIALIZE,15,4,12,31,30,15,SOCIALIZE,1
SOON2,14,3,14,31,26,12,SOON,2
DEVOUR,15,4,12,31,29,14,DEVOUR,1
SON,15,4,12,31,30,15,SON,1
SOMETHING,15,4,12,31,28,13,SOMETHING,1
DIFFERENTSITUATION,16,4,11,31,29,15,DIFFERENTSITUATION,1
DIFFERENT,15,4,12,31,30,15,DIFFERENT,1
DIE,13,5,13,31,28,13,DIE,1
SOAP2,15,4,12,31,30,15,SOAP,2
SNOWSUIT,14,5,12,31,27,13,SNOWSUIT,1
SOME,14,3,14,31,28,14,SOME,1
DEPRESS,16,3,12,31,28,14,DEPRESS,1
DEPARTMENT,15,3,13,31,27,13,DEPARTMENT,1
SOON1,15,4,12,31,30,15,SOON,2
STARS,14,4,13,31,29,14,STARS,1
STARBUCKS,15,3,13,31,29,15,STARBUCKS,1
STAR,14,3,14,31,28,14,STAR,1
STAND1,14,4,13,31,28,13,STAND,2
STAND-UP,15,4,12,31,30,15,STAND-UP,1
CUTE1,15,4,12,31,28,13,CUTE,2
CUT,16,3,12,31,28,14,CUT,1
CURTSEY1,16,4,11,31,26,13,CURTSEY,2
CURLYHAIR,16,5,10,31,27,14,CURLYHAIR,1
DENTIST1,13,6,12,31,28,13,DENTIST,2
CUTE2,14,4,13,31,29,14,CUTE,2
CROSS3,16,5,10,31,27,14,CROSS,3
CROSS2,16,4,11,31,30,15,CROSS,3
CROCODILE,15,4,12,31,26,12,CROCODILE,1
CRY4,16,3,12,31,27,13,CRY,4
CRY2,15,3,13,31,27,13,CRY,4
CRY1,13,5,13,31,28,13,CRY,4
CRUMPLE,15,3,13,31,27,13,CRUMPLE,1
SPORTS,15,3,13,31,28,14,SPORTS,1
SPOON,14,4,13,31,29,14,SPOON,1
CUTREMOVEVID,15,4,12,31,29,14,CUTREMOVEVID,1
DEMOTE,16,3,12,31,30,16,DEMOTE,1
SPAIN,15,4,12,31,30,15,SPAIN,1
SPAGHETTI,15,4,12,31,30,15,SPAGHETTI,1
SPACESHIP,16,3,12,31,28,15,SPACESHIP,1
DECLINE,14,4,13,31,28,13,DECLINE,1
DELICIOUS,13,5,13,31,28,13,DELICIOUS,1
DEGREE,15,4,12,31,30,15,DEGREE,1
DEFLATE,16,3,12,31,29,15,DEFLATE,1
DEEP,14,6,11,31,28,14,DEEP,1
STACK4,16,3,12,31,27,13,STACK,4
DENTIST2,16,3,12,31,27,13,DENTIST,2
SOMERSAULT3,16,3,12,31,27,13,SOMERSAULT,3
SOUP,15,3,13,31,29,15,SOUP,1
SOPHOMORE,16,3,12,31,30,16,SOPHOMORE,1
SOPHISTICATED,15,4,12,31,29,14,SOPHISTICATED,1
DEAFSCHOOL,15,4,12,31,27,13,DEAFSCHOOL,1
DATE,15,4,12,31,29,14,DATE,1
DECORATE2,16,4,11,31,28,15,DECORATE,2
STAMP3,16,3,12,31,27,13,STAMP,3
STAIRS,14,3,14,31,28,14,STAIRS,1
DENY,15,4,12,31,27,13,DENY,1
A-LINEBOB,13,5,12,30,28,13,A-LINEBOB,1
ACCENT,14,5,11,30,30,14,ACCENT,1
WIDE,15,3,12,30,29,15,WIDE,1
APRIL,15,4,11,30,28,14,APRIL,1
ARCHEOLOGY,14,4,12,30,27,13,ARCHEOLOGY,1
ARGUE,14,4,12,30,27,13,ARGUE,1
ARREST3,15,3,12,30,28,14,ARREST,3
ART,13,5,12,30,28,13,ART,1
WET,13,4,13,30,28,13,WET,1
WHEEL,15,5,10,30,27,14,WHEEL,1
WHEELBARROW,15,5,10,30,26,13,WHEELBARROW,1
WHILE,16,2,12,30,28,15,WHILE,1
WHITE,14,5,11,30,28,13,WHITE,1
WHYNOT,14,4,12,30,27,13,WHYNOT,1
BACKYARD,14,4,12,30,27,13,BACKYARD,1
BAD,13,4,13,30,28,13,BAD,1
BADGE,13,5,12,30,28,13,BADGE,1
BALANCE,16,3,11,30,30,16,BALANCE,1
WEIRD,14,4,12,30,27,12,WEIRD,1
WELL,13,4,13,30,28,13,WELL,1
WEST,13,4,13,30,28,13,WEST,1
BAT2,15,3,12,30,27,13,BAT,3
BATHTUB,14,5,11,30,27,13,BATHTUB,1
AVERAGE,14,4,12,30,27,13,AVERAGE,1
AWAY,14,4,12,30,27,13,AWAY,1
BABY1,14,4,12,30,29,14,BABY,2
BACKUP,14,4,12,30,27,13,BACKUP,1
MISS,14,4,12,30,27,13,MISS,1
MISSING,14,5,11,30,28,13,MISSING,1
MIX2,15,4,11,30,29,15,MIX,3
LIPS,14,4,12,30,27,13,LIPS,1
LISTEN,12,6,12,30,26,11,LISTEN,1
LIVE1,13,5,12,30,28,13,LIVE,2
LIVE2,14,4,12,30,29,14,LIVE,2
LOAD1,15,3,12,30,28,14,LOAD,2
MANAGE,14,4,12,30,27,13,MANAGE,1
MEXICAN2,13,3,14,30,26,12,MEXICAN,2
MICROPHONE,14,4,12,30,27,13,MICROPHONE,1
MILK1,15,4,11,30,29,14,MILK,2
MIME,13,4,13,30,26,13,MIME,1
MINIMUM1,15,5,10,30,29,14,MINIMUM,2
LOYAL,13,4,13,30,28,13,LOYAL,1
MAD,14,4,12,30,27,13,MAD,1
MAGNET1,13,3,14,30,26,12,MAGNET,4
MAIL2,13,5,12,30,28,13,MAIL,2
MAILMAN,15,3,12,30,27,13,MAILMAN,1
MAJOR,13,5,12,30,28,13,MAJOR,1
MEDITATE2,14,4,12,30,27,12,MEDITATE,3
MELON,14,4,12,30,27,13,MELON,1
MEMBER,14,3,13,30,26,12,MEMBER,1
MENTION,14,5,11,30,30,14,MENTION,1
LOVE,13,5,12,30,27,12,LOVE,1
MURDER,15,3,12,30,27,13,MURDER,1
MUSCLE,14,4,12,30,27,12,MUSCLE,1
MUSHROOM,14,5,11,30,29,13,MUSHROOM,1
MY,13,4,13,30,28,13,MY,1
NAIL,14,4,12,30,27,13,NAIL,1
NAKED,15,4,11,30,26,13,NAKED,1
NAVEL,15,3,12,30,26,14,NAVEL,1
MOOSE,14,4,12,30,28,13,MOOSE,1
MOP2,13,4,13,30,27,12,MOP,2
MOTIVATION1,14,4,12,30,29,14,MOTIVATION,2
MOUNTAIN2,13,4,13,30,28,13,MOUNTAIN,2
MUMMY,14,4,12,30,26,13,MUMMY,1
LOOKBACK,13,5,12,30,28,13,LOOKBACK,1
LOOKFOR,13,5,12,30,28,13,LOOKFOR,1
LOOKFORWARD,15,3,12,30,27,13,LOOKFORWARD,1
LOOKLIKE,14,5,11,30,29,13,LOOKLIKE,1
MONSTER,13,3,14,30,26,12,MONSTER,1
MONTH,15,4,11,30,29,14,MONTH,1
LOAD2,16,3,11,30,27,13,LOAD,2
LOBSTER2,16,3,11,30,29,15,LOBSTER,3
LOBSTER3,13,5,12,30,28,13,LOBSTER,3
LOCKER,13,3,14,30,25,11,LOCKER,1
LONELY,15,3,12,30,28,15,LONELY,1
LONG,16,3,11,30,29,15,LONG,1
LIGHTSON,15,3,12,30,26,12,LIGHTSON,1
LIKE,15,3,12,30,27,13,LIKE,1
LIMITED,15,3,12,30,27,13,LIMITED,1
LINE,16,3,11,30,29,15,LINE,1
LINGUISTICS,15,3,12,30,28,14,LINGUISTICS,1
KNOCKOFF,15,3,12,30,29,15,KNOCKOFF,1
LESBIAN,14,4,12,30,27,12,LESBIAN,1
LESSON,15,3,12,30,27,13,LESSON,1
LETTER1,13,5,12,30,28,13,LETTER,2
LICK2,14,4,12,30,27,12,LICK,2
LIFT2,14,4,12,30,28,14,LIFT,2
NERVE,14,4,12,30,28,13,NERVE,1
NET,14,5,11,30,29,13,NET,1
NEWSPAPER,16,3,11,30,30,16,NEWSPAPER,1
NEWSTOME,14,4,12,30,27,13,NEWSTOME,1
NEWYORK,13,4,13,30,28,13,NEWYORK,1
LEMON2,13,5,12,30,28,13,LEMON,2
LEND,15,3,12,30,29,15,LEND,1
NAVY,15,3,12,30,28,14,NAVY,1
NECK,14,4,12,30,27,13,NECK,1
NECKLACE4,13,5,12,30,28,13,NECKLACE,4
NEED,15,3,12,30,29,15,NEED,1
NEEDLE,16,3,11,30,28,15,NEEDLE,1
NEPHEW,15,4,11,30,29,14,NEPHEW,1
NOTUNDERSTAND,14,5,11,30,26,12,NOTUNDERSTAND,1
NOW,15,3,12,30,29,15,NOW,1
NUMBERS,13,4,13,30,28,13,NUMBERS,1
NURSE,15,3,12,30,28,14,NURSE,1
NUT2,14,3,13,30,26,13,NUT,2
OBSESS,13,5,12,30,28,13,OBSESS,1
OBVIOUS,14,5,11,30,28,13,OBVIOUS,1
OCEAN,14,4,12,30,27,13,OCEAN,1
NOBIGDEAL,14,4,12,30,27,13,NOBIGDEAL,1
NOISE,14,4,12,30,29,14,NOISE,1
NOOSE,13,4,13,30,26,11,NOOSE,1
NOT,14,4,12,30,29,14,NOT,1
NOTCARE,13,4,13,30,28,13,NOTCARE,1
NOTHINGATALL,15,3,12,30,28,14,NOTHINGATALL,1
NOTMIND,16,4,10,30,30,16,NOTMIND,1
LEAGUE,14,4,12,30,26,12,LEAGUE,1
LEAK,14,5,11,30,29,13,LEAK,1
LEAVE,15,3,12,30,28,15,LEAVE,1
NEXTTO,14,4,12,30,27,13,NEXTTO,1
NEXTYEAR,15,3,12,30,28,14,NEXTYEAR,1
NO,16,3,11,30,30,16,NO,1
KNOWNOTHING,14,5,11,30,26,13,KNOWNOTHING,1
LAMP1,14,4,12,30,29,14,LAMP,2
LANGUAGE,15,4,11,30,29,14,LANGUAGE,1
LASTWEEK,14,4,12,30,27,13,LASTWEEK,1
LAWYER,13,4,13,30,28,13,LAWYER,1
LEAD,14,5,11,30,30,14,LEAD,1
LEAF1,15,3,12,30,29,15,LEAF,2
LEAF2,15,3,12,30,28,14,LEAF,2
BANDAID2,14,5,11,30,29,13,BANDAID,2
BARK2,13,5,12,30,26,12,BARK,3
BARK3,14,5,11,30,28,14,BARK,3
BARRETTE,14,4,12,30,29,14,BARRETTE,1
BASKET2,15,3,12,30,28,14,BASKET,2
BAT1,13,5,12,30,29,13,BAT,3
WATER,14,4,12,30,29,14,WATER,1
WAY,13,4,13,30,28,13,WAY,1
WEEKEND,14,4,12,30,27,13,WEEKEND,1
WEIGHT,15,4,11,30,28,14,WEIGHT,1
BANANA2,15,3,12,30,28,14,BANANA,4
BANANA4,14,5,11,30,26,13,BANANA,4
BANDAID1,14,4,12,30,27,12,BANDAID,2
BEST,15,3,12,30,27,13,BEST,1
BET,15,3,12,30,27,13,BET,1
BICYCLE,15,3,12,30,28,14,BICYCLE,1
WAND,15,3,12,30,26,12,WAND,1
WANT2,15,3,12,30,28,14,WANT,2
WAR,14,4,12,30,29,14,WAR,1
WASHFACE1,14,4,12,30,27,12,WASHFACE,2
WASHFACE2,15,3,12,30,28,14,WASHFACE,2
BEER,13,4,13,30,28,13,BEER,1
BEFORE,14,5,11,30,29,13,BEFORE,1
BEG,15,5,10,30,28,14,BEG,1
BEND,14,4,12,30,27,13,BEND,1
BENEFIT,16,3,11,30,29,16,BENEFIT,1
BERRY,14,4,12,30,25,11,BERRY,1
KNIFE1,14,4,12,30,29,14,KNIFE,2
KNIFE2,16,3,11,30,29,15,KNIFE,2
KNIGHT3,14,3,13,30,26,13,KNIGHT,4
KNIGHT4,14,3,13,30,26,13,KNIGHT,4
KNITTING1,16,3,11,30,29,15,KNITTING,3
KNITTING2,16,3,11,30,29,15,KNITTING,3
KNOCK,14,4,12,30,27,12,KNOCK,1
KICK2,16,3,11,30,29,15,KICK,2
KID,16,3,11,30,30,16,KID,1
KILL,14,4,12,30,26,13,KILL,1
KINDERGARTEN,14,4,12,30,27,12,KINDERGARTEN,1
KISSONCHEEK,14,4,12,30,27,13,KISSONCHEEK,1
KITE1,14,4,12,30,29,14,KITE,2
ONCE,15,3,12,30,28,14,ONCE,1
ONEMORE1,15,2,13,30,27,14,ONEMORE,2
ONEYEARAGO,14,5,11,30,29,13,ONEYEARAGO,1
OOH,14,5,11,30,26,12,OOH,1
OPENBOOK,16,3,11,30,29,15,OPENBOOK,1
KANGAROO1,13,4,13,30,27,12,KANGAROO,3
KICK1,14,3,13,30,27,13,KICK,2
OFFHAND,13,5,12,30,27,12,OFFHAND,1
OFFICE,13,4,13,30,28,13,OFFICE,1
OHISEE,15,4,11,30,28,14,OHISEE,1
OIL1,16,4,10,30,29,15,OIL,3
OIL3,13,5,12,30,28,13,OIL,3
OLD,13,4,13,30,28,13,OLD,1
OLDEST,16,5,9,30,26,14,OLDEST,1
ON,16,3,11,30,27,14,ON,1
JACKET4,13,5,12,30,28,13,JACKET,4
JAWDROP,13,5,12,30,25,11,JAWDROP,1
JELLY,13,4,13,30,28,13,JELLY,1
JELLYFISH,14,5,11,30,30,14,JELLYFISH,1
JOIN,14,4,12,30,27,12,JOIN,1
JOURNEY,14,4,12,30,27,13,JOURNEY,1
JUGGLER,14,5,11,30,30,14,JUGGLER,1
IRON1,13,4,13,30,28,13,IRON,3
IRON2,14,5,11,30,27,13,IRON,3
IRON3,14,4,12,30,28,14,IRON,3
ISRAEL,13,4,13,30,28,13,ISRAEL,1
JACKET1,16,3,11,30,29,16,JACKET,4
JACKET2,13,3,14,30,26,12,JACKET,4
OVER,15,3,12,30,27,13,OVER,1
OVERLOOK,14,4,12,30,28,13,OVERLOOK,1
OVERNIGHT,13,5,12,30,28,13,OVERNIGHT,1
PACK,15,3,12,30,29,15,PACK,1
PAGEANT,14,5,11,30,26,13,PAGEANT,1
OPENWALLET,15,4,11,30,28,14,OPENWALLET,1
OPERATEMACHINE,14,4,12,30,27,12,OPERATEMACHINE,1
OPINION1,15,3,12,30,28,14,OPINION,2
OPTION,15,4,11,30,28,14,OPTION,1
ORAL,15,3,12,30,28,14,ORAL,1
ORDER2,15,3,12,30,29,15,ORDER,2
OUTSIDE,15,3,12,30,27,13,OUTSIDE,1
INSURANCE,14,4,12,30,29,14,INSURANCE,1
INTELLIGENT,15,3,12,30,27,14,INTELLIGENT,1
INTENTIONAL,16,4,10,30,28,15,INTENTIONAL,1
INTERNET,13,4,13,30,28,13,INTERNET,1
INTERPRET,14,5,11,30,25,12,INTERPRET,1
INTERPRETER,15,4,11,30,28,14,INTERPRETER,1
INVISIBLE,14,4,12,30,27,12,INVISIBLE,1
INFECTION,14,4,12,30,27,12,INFECTION,1
INJECT,13,5,12,30,28,13,INJECT,1
INNOCENT,13,5,12,30,27,12,INNOCENT,1
INSIDE,13,5,12,30,25,11,INSIDE,1
INSPIRE,14,4,12,30,27,12,INSPIRE,1
INSTEAD,14,4,12,30,27,13,INSTEAD,1
INSTINCT,14,5,11,30,29,13,INSTINCT,1
INSULT,15,4,11,30,29,14,INSULT,1
PARK,15,3,12,30,29,15,PARK,1
PASS,14,4,12,30,27,12,PASS,1
PAST,12,4,14,30,27,12,PAST,1
PAYOFFBILLS,15,4,11,30,26,12,PAYOFFBILLS,1
PEANUTBUTTER,15,4,11,30,28,14,PEANUTBUTTER,1
INDIAN,14,3,13,30,26,12,INDIAN,1
JUICE2,14,4,12,30,27,12,JUICE,2
JUMPROPE,14,5,11,30,29,13,JUMPROPE,1
PAIR,15,3,12,30,28,14,PAIR,1
PANTS1,15,4,11,30,30,15,PANTS,2
PARACHUTE3,15,3,12,30,26,12,PARACHUTE,3
PARADE,14,4,12,30,29,14,PARADE,1
PARALLEL,14,4,12,30,27,12,PARALLEL,1
PARANOID,15,3,12,30,29,15,PARANOID,1
PERSPECTIVE,14,4,12,30,27,12,PERSPECTIVE,1
HOLIDAY,14,4,12,30,28,13,HOLIDAY,1
HOLY,15,3,12,30,29,15,HOLY,1
HONEST,14,4,12,30,29,14,HONEST,1
HONEY2,13,5,12,30,28,13,HONEY,2
HONGKONG,15,3,12,30,28,14,HONGKONG,1
PEAR,15,4,11,30,28,14,PEAR,1
PEEL1,16,3,11,30,30,16,PEEL,3
PEEL3,16,4,10,30,28,15,PEEL,3
PENGUIN,14,5,11,30,28,13,PENGUIN,1
PERMISSION,14,4,12,30,27,13,PERMISSION,1
IF,15,4,11,30,28,13,IF,1
ILOVEYOU,14,4,12,30,27,13,ILOVEYOU,1
IMMATURE,14,4,12,30,27,13,IMMATURE,1
IMMERSE,13,5,12,30,27,12,IMMERSE,1
IMPACT,15,4,11,30,28,14,IMPACT,1
IMPRESS,14,4,12,30,27,13,IMPRESS,1
INCREDIBLE,14,3,13,30,27,13,INCREDIBLE,1
HUMOR,15,4,11,30,27,14,HUMOR,1
HUNDRED,14,4,12,30,27,13,HUNDRED,1
HURRICANE,14,4,12,30,28,13,HURRICANE,1
HURRY,16,3,11,30,29,15,HURRY,1
HURT,14,4,12,30,29,14,HURT,1
ICE,15,3,12,30,28,14,ICE,1
HELICOPTER3,14,4,12,30,28,14,HELICOPTER,3
HELL,15,5,10,30,27,14,HELL,1
HELMET2,13,5,12,30,28,13,HELMET,2
HIGHHEELS,13,4,13,30,26,11,HIGHHEELS,1
HIS,16,4,10,30,28,15,HIS,1
HIT2,13,3,14,30,26,12,HIT,2
PINEAPPLE1,15,3,12,30,29,15,PINEAPPLE,5
PINEAPPLE2,16,3,11,30,29,15,PINEAPPLE,5
PINEAPPLE5,14,5,11,30,26,13,PINEAPPLE,5
PINON,14,4,12,30,27,13,PINON,1
PIPE3,15,4,11,30,29,15,PIPE,4
PIPE4,14,5,11,30,27,13,PIPE,4
HEARTTOUCH,14,4,12,30,27,12,HEARTTOUCH,1
PHARMACIST,14,5,11,30,28,13,PHARMACIST,1
PHILADELPHIA,14,4,12,30,27,12,PHILADELPHIA,1
PHOTOGRAPHY,15,3,12,30,28,14,PHOTOGRAPHY,1
PICKLE,14,4,12,30,28,14,PICKLE,1
PICNIC,13,4,13,30,27,12,PICNIC,1
PIG,15,3,12,30,28,15,PIG,1
HOOD,15,5,10,30,27,14,HOOD,1
HOODIE2,14,4,12,30,28,14,HOODIE,2
HORRIBLE,14,4,12,30,29,14,HORRIBLE,1
HOUR,13,4,13,30,28,13,HOUR,1
HOUSE,16,3,11,30,29,15,HOUSE,1
WAIT,13,4,13,30,28,13,WAIT,1
WAITER,14,4,12,30,29,14,WAITER,1
WALLET,14,5,11,30,30,14,WALLET,1
WALRUS,16,3,11,30,27,15,WALRUS,1
BEAR,13,5,12,30,28,13,BEAR,1
BEAT,16,3,11,30,30,16,BEAT,1
BEDROOM,14,4,12,30,28,13,BEDROOM,1
VISIT,14,5,11,30,27,14,VISIT,1
VISUALIZE,14,4,12,30,27,13,VISUALIZE,1
VOCABULARY,14,4,12,30,27,12,VOCABULARY,1
VOLLEYBALL,15,3,12,30,28,15,VOLLEYBALL,1
VOLUNTEER,14,4,12,30,27,13,VOLUNTEER,1
W.H.A.T,15,3,12,30,28,14,W.H.A.T,1
WADE1,16,3,11,30,27,15,WADE,2
WADE2,15,5,10,30,27,14,WADE,2
BLINK,15,3,12,30,28,14,BLINK,1
BLOUSE,14,5,11,30,26,13,BLOUSE,1
BLOWCANDLE1,15,3,12,30,28,14,BLOWCANDLE,2
BLOWCANDLE2,13,5,12,30,26,12,BLOWCANDLE,2
VIDEOCAMERA2,14,4,12,30,28,14,VIDEOCAMERA,2
VISION,14,4,12,30,28,14,VISION,1
BITEONNECK,14,5,11,30,29,13,BITEONNECK,1
BLACKBIRD,15,3,12,30,29,15,BLACKBIRD,1
BLANK,14,4,12,30,27,12,BLANK,1
BLANKET,15,4,11,30,29,14,BLANKET,1
BLESS,13,5,12,30,27,12,BLESS,1
BLINDS1,15,4,11,30,29,15,BLINDS,2
HADENOUGH,14,5,11,30,30,14,HADENOUGH,1
HAHA,15,4,11,30,28,13,HAHA,1
HAIR2,15,5,10,30,27,14,HAIR,2
HAIRCLIPPER,15,4,11,30,27,13,HAIRCLIPPER,1
HAIRCUT,16,3,11,30,29,15,HAIRCUT,1
HAIRDRESSER,14,4,12,30,27,13,HAIRDRESSER,1
HAIRDRYER1,13,5,12,30,28,13,HAIRDRYER,3
PLATFORM,14,4,12,30,27,13,PLATFORM,1
PLENTY,14,5,11,30,28,13,PLENTY,1
PLIERS,14,5,11,30,28,14,PLIERS,1
PLOW1,14,5,11,30,29,13,PLOW,2
POINT,13,4,13,30,28,13,POINT,1
GUM,14,4,12,30,27,12,GUM,1
GYM,15,3,12,30,29,15,GYM,1
HATCH1,14,5,11,30,30,14,HATCH,2
HAVE,14,4,12,30,29,14,HAVE,1
HE,14,4,12,30,29,14,HE,1
HEADBACK,15,2,13,30,27,14,HEADBACK,1
PJS,14,5,11,30,28,13,PJS,1
PLAIN,13,5,12,30,26,11,PLAIN,1
HITCHHIKE,13,5,12,30,25,11,HITCHHIKE,1
HOLD1,14,4,12,30,27,13,HOLD,2
HANDSOME4,14,2,14,30,25,12,HANDSOME,4
HANG,16,3,11,30,29,15,HANG,1
HAPPEN,13,4,13,30,28,13,HAPPEN,1
HARP,16,4,10,30,28,15,HARP,1
HAT1,14,3,13,30,28,14,HAT,2
GRANDPARENTS,15,4,11,30,28,14,GRANDPARENTS,1
GREAT,15,3,12,30,28,14,GREAT,1
GREENBEANS,15,4,11,30,27,13,GREENBEANS,1
GREET2,14,3,13,30,27,13,GREET,2
GRIND,15,3,12,30,28,14,GRIND,1
GROWUP,14,5,11,30,26,12,GROWUP,1
POWER,13,5,12,30,28,13,POWER,1
PREDICT,15,4,11,30,28,14,PREDICT,1
PREGNANT,14,5,11,30,26,12,PREGNANT,1
GRADUATESCHOOL,15,4,11,30,28,14,GRADUATESCHOOL,1
GRANDFATHER,13,3,14,30,27,13,GRANDFATHER,1
POPE,15,5,10,30,27,14,POPE,1
PORCUPINE,13,5,12,30,26,12,PORCUPINE,1
POSTPONE,14,4,12,30,27,12,POSTPONE,1
POTATO,15,4,11,30,29,14,POTATO,1
HAIRDRYER3,14,5,11,30,26,13,HAIRDRYER,3
HALF,14,4,12,30,27,13,HALF,1
HAMBURGER,13,4,13,30,28,13,HAMBURGER,1
HANDSOFF,14,4,12,30,27,13,HANDSOFF,1
POOLGAME,13,5,12,30,28,13,POOLGAME,1
PUBLIC,14,4,12,30,27,12,PUBLIC,1
PULL,12,5,13,30,27,12,PULL,1
FUN,14,4,12,30,27,13,FUN,1
FUNCTION,14,5,11,30,29,13,FUNCTION,1
FUNNY,15,3,12,30,28,14,FUNNY,1
PRISON,14,4,12,30,28,13,PRISON,1
PROBLEM2,15,3,12,30,29,15,PROBLEM,2
PROFOUNDLYDEAF,14,4,12,30,27,13,PROFOUNDLYDEAF,1
PROGRAM,14,4,12,30,27,13,PROGRAM,1
PROOF,15,3,12,30,27,13,PROOF,1
PROPOSE,15,3,12,30,29,15,PROPOSE,1
PROXIMALIZATION,14,5,11,30,25,12,PROXIMALIZATION,1
GOLD,13,4,13,30,28,13,GOLD,1
GOODYGOODYSHOEOPPOSITE,17,3,10,30,30,17,GOODYGOODYSHOEOPPOSITE,1
GOSSIP,16,3,11,30,30,16,GOSSIP,1
GOTCHA,14,3,13,30,27,13,GOTCHA,1
PRETTY,14,4,12,30,29,14,PRETTY,1
PRINCE,13,3,14,30,26,12,PRINCE,1
PRINCIPAL,14,4,12,30,27,12,PRINCIPAL,1
GUILLOTINE2,13,4,13,30,26,11,GUILLOTINE,2
GLASS2,13,5,12,30,27,12,GLASS,3
GLOVES3,15,3,12,30,28,14,GLOVES,4
GLUE2,14,5,11,30,28,14,GLUE,2
GOAHEAD,14,4,12,30,28,14,GOAHEAD,1
GOAL,15,3,12,30,27,13,GOAL,1
GOATEE,15,4,11,30,28,13,GOATEE,1
VAMPIRE,16,3,11,30,29,16,VAMPIRE,1
VANILLA,15,3,12,30,27,13,VANILLA,1
VANISH,14,4,12,30,27,13,VANISH,1
VASE,16,3,11,30,29,15,VASE,1
VERY,14,4,12,30,27,13,VERY,1
BIND,13,5,12,30,27,12,BIND,1
BIRTH,13,4,13,30,28,13,BIRTH,1
BITCH,15,5,10,30,26,13,BITCH,1
UNIVERSE,13,5,12,30,28,13,UNIVERSE,1
UNTIL,15,4,11,30,28,14,UNTIL,1
UP,14,5,11,30,30,14,UP,1
UPSET2,15,4,11,30,28,14,UPSET,2
USE,15,4,11,30,28,14,USE,1
VAGINA,14,4,12,30,26,13,VAGINA,1
VALIDATE,14,4,12,30,27,12,VALIDATE,1
VALUE,15,5,10,30,27,14,VALUE,1
BOTHER,14,4,12,30,27,12,BOTHER,1
BOW2,15,3,12,30,27,13,BOW,4
BOW3,13,3,14,30,26,12,BOW,4
BOW4,13,4,13,30,26,11,BOW,4
UNDER,14,4,12,30,28,13,UNDER,1
UNDERWEAR2,13,5,12,30,28,13,UNDERWEAR,2
UNIQUE,13,5,12,30,27,12,UNIQUE,1
BODY,14,4,12,30,29,14,BODY,1
BOIL1,13,4,13,30,28,13,BOIL,2
BOMB,14,5,11,30,28,13,BOMB,1
BONE,15,3,12,30,29,15,BONE,1
BOOTS1,14,3,13,30,27,13,BOOTS,2
BOOTS2,15,3,12,30,28,14,BOOTS,2
BORED2,14,5,11,30,26,13,BORED,2
BOSTON,14,4,12,30,27,12,BOSTON,1
REACH,14,5,11,30,26,13,REACH,1
FRAME,14,4,12,30,27,12,FRAME,1
FREEDOM,15,3,12,30,27,13,FREEDOM,1
FREEWAY,14,4,12,30,29,14,FREEWAY,1
FREEZE,15,3,12,30,27,13,FREEZE,1
QUEEN,14,4,12,30,28,13,QUEEN,1
RABBIT1,16,3,11,30,29,16,RABBIT,2
RAINBOW,15,5,10,30,27,14,RAINBOW,1
RAISIN,13,4,13,30,25,12,RAISIN,1
RAT,15,4,11,30,28,14,RAT,1
RAZOR2,18,3,9,30,29,17,RAZOR,2
GIVE,15,4,11,30,28,14,GIVE,1
PUNCHFACE,14,4,12,30,27,12,PUNCHFACE,1
PUT,14,4,12,30,27,12,PUT,1
PUTASIDE,15,4,11,30,28,13,PUTASIDE,1
PUTINBACKMIND,14,4,12,30,25,11,PUTINBACKMIND,1
PUZZLED,14,4,12,30,29,14,PUZZLED,1
QTIP,15,3,12,30,27,13,QTIP,1
QUARTER,15,3,12,30,29,15,QUARTER,1
FUZZY,16,4,10,30,29,15,FUZZY,1
GAME,15,3,12,30,29,15,GAME,1
GARLIC,14,4,12,30,27,12,GARLIC,1
GATECLOSE,14,4,12,30,27,13,GATECLOSE,1
GESTURE,13,5,12,30,28,13,GESTURE,1
GETINFORMATIONOUTOF,14,4,12,30,27,14,GETINFORMATIONOUTOF,1
GETOFF,14,4,12,30,27,12,GETOFF,1
GIRL,16,3,11,30,30,16,GIRL,1
REQUEST,14,4,12,30,25,11,REQUEST,1
RESCUE,14,5,11,30,29,13,RESCUE,1
FLOAT2,13,4,13,30,28,13,FLOAT,3
FLOAT3,15,3,12,30,27,13,FLOAT,3
FLY,14,4,12,30,29,14,FLY,1
FOLLOW2,14,4,12,30,27,12,FOLLOW,4
REFRIGERATOR,14,4,12,30,27,13,REFRIGERATOR,1
REFUSE,14,4,12,30,27,12,REFUSE,1
RELATIONSHIP,14,4,12,30,29,14,RELATIONSHIP,1
RELAX1,15,4,11,30,28,14,RELAX,2
RELAX2,13,5,12,30,28,13,RELAX,2
RELIEF,14,5,11,30,27,13,RELIEF,1
REMEMBER1,14,4,12,30,27,12,REMEMBER,2
FRY,15,4,11,30,28,14,FRY,1
READY,14,4,12,30,27,13,READY,1
REALLYINTO,14,4,12,30,27,12,REALLYINTO,1
REALSICK,14,5,11,30,30,14,REALSICK,1
REDFACED,15,3,12,30,27,13,REDFACED,1
REDUCE,14,4,12,30,29,14,REDUCE,1
REFLECT,14,5,11,30,28,13,REFLECT,1
FRIDAY,15,3,12,30,28,15,FRIDAY,1
FROMTHENON,14,4,12,30,27,12,FROMTHENON,1
FROWN2,13,5,12,30,28,13,FROWN,2
FRUIT,15,3,12,30,29,15,FRUIT,1
FRUSTRATE,12,5,13,30,27,12,FRUSTRATE,1
FINGER,14,4,12,30,26,13,FINGER,1
FINGERSCROSSED,15,3,12,30,29,15,FINGERSCROSSED,1
FINGERSPELL,14,4,12,30,29,14,FINGERSPELL,1
FINGERSPELLING,13,4,13,30,28,13,FINGERSPELLING,1
FINS,14,4,12,30,27,12,FINS,1
FIRED,15,3,12,30,29,15,FIRED,1
FIREMAN1,14,3,13,30,28,14,FIREMAN,2
RIBBONAWARD,14,5,11,30,26,13,RIBBONAWARD,1
RIDE2,14,4,12,30,27,13,RIDE,2
RISK,14,3,13,30,28,14,RISK,1
ROAR2,15,4,11,30,26,13,ROAR,2
FORM,15,5,10,30,27,14,FORM,1
RESIST,14,4,12,30,27,13,RESIST,1
REST,13,4,13,30,28,13,REST,1
RESTLESS,14,4,12,30,27,13,RESTLESS,1
REVENGE,16,3,11,30,29,15,REVENGE,1
FOLLOW4,15,4,11,30,27,14,FOLLOW,4
FOOTBALL,15,3,12,30,28,15,FOOTBALL,1
FOR,15,3,12,30,28,15,FOR,1
FOREST,14,5,11,30,29,13,FOREST,1
FORK4,14,5,11,30,26,13,FORK,4
RUSSIA,16,3,11,30,29,15,RUSSIA,1
SAD,14,4,12,30,28,14,SAD,1
FAMILY,15,3,12,30,28,15,FAMILY,1
FAMOUS,14,5,11,30,29,13,FAMOUS,1
FAN,15,3,12,30,27,13,FAN,1
FAUCET,16,3,11,30,30,16,FAUCET,1
ROOF,15,3,12,30,27,13,ROOF,1
ROOM,15,4,11,30,29,14,ROOM,1
ROOMMATE,14,4,12,30,27,12,ROOMMATE,1
ROOSTER,13,5,12,30,28,13,ROOSTER,1
RUIN,14,4,12,30,27,13,RUIN,1
RUN2,16,5,9,30,26,14,RUN,2
RUNOUTOF,14,4,12,30,27,12,RUNOUTOF,1
FLASHLIGHT3,14,4,12,30,28,13,FLASHLIGHT,4
ROCKET1,15,3,12,30,27,13,ROCKET,2
ROCKET2,15,4,11,30,28,14,ROCKET,2
ROLE,15,3,12,30,28,14,ROLE,1
ROLLERBLADING,15,3,12,30,29,15,ROLLERBLADING,1
ROLLERSKATING,14,4,12,30,29,14,ROLLERSKATING,1
ROLLUPSLEEVES,15,4,11,30,28,14,ROLLUPSLEEVES,1
FIREMAN2,14,3,13,30,27,13,FIREMAN,2
FIRETRUCK,14,5,11,30,28,13,FIRETRUCK,1
FISHING1,14,5,11,30,29,14,FISHING,2
FIT,13,5,12,30,27,12,FIT,1
FIX,14,4,12,30,27,13,FIX,1
FLAG1,14,4,12,30,29,14,FLAG,2
EXCITED,14,5,11,30,29,13,EXCITED,1
EXCUSE,16,3,11,30,29,15,EXCUSE,1
EXPENSIVE,14,3,13,30,28,14,EXPENSIVE,1
EXPERIENCED,15,4,11,30,28,14,EXPERIENCED,1
EXPRESS,14,4,12,30,28,14,EXPRESS,1
EYES,16,3,11,30,29,16,EYES,1
SAVEMONEY,15,3,12,30,28,14,SAVEMONEY,1
SAXOPHONE,13,4,13,30,26,12,SAXOPHONE,1
SCAN,15,3,12,30,28,14,SCAN,1
SCARF1,13,4,13,30,28,13,SCARF,4
SCARF3,14,5,11,30,26,12,SCARF,4
EVERYTHING,15,3,12,30,27,13,EVERYTHING,1
EVIDENCE,14,4,12,30,27,12,EVIDENCE,1
SALAD,14,5,11,30,29,14,SALAD,1
SAME1,13,4,13,30,28,13,SAME,2
SANDWICH1,15,4,11,30,29,14,SANDWICH,4
SANDWICH3,16,3,11,30,29,15,SANDWICH,4
SANDWICH4,13,5,12,30,26,12,SANDWICH,4
SATURDAY,13,4,13,30,28,13,SATURDAY,1
FEDUP,15,3,12,30,27,13,FEDUP,1
FEED2,15,5,10,30,26,13,FEED,2
FENCE1,14,4,12,30,27,13,FENCE,2
FENCING,13,4,13,30,26,11,FENCING,1
FIFTH,14,5,11,30,27,13,FIFTH,1
FILE1,14,3,13,30,27,13,FILE,3
FILE2,15,3,12,30,28,14,FILE,3
TWOOFUS,14,4,12,30,27,12,TWOOFUS,1
TWOWEEKS,15,3,12,30,28,14,TWOWEEKS,1
UGLY,15,3,12,30,28,15,UGLY,1
UNAWARE,15,3,12,30,28,14,UNAWARE,1
BLUSH,15,5,10,30,27,14,BLUSH,1
BOARD,13,3,14,30,26,12,BOARD,1
BOAT,16,3,11,30,30,16,BOAT,1
TRY,14,4,12,30,29,14,TRY,1
TUBETOP,14,5,11,30,30,14,TUBETOP,1
TURBAN,14,5,11,30,27,13,TURBAN,1
TURKEY1,13,4,13,30,28,13,TURKEY,2
TURNAROUND,14,5,11,30,27,13,TURNAROUND,1
TURNKEY,14,5,11,30,29,13,TURNKEY,1
BREAKDOWN1,14,5,11,30,29,13,BREAKDOWN,2
BREATHE,13,4,13,30,28,13,BREATHE,1
BRICK,14,4,12,30,27,12,BRICK,1
BROWN,13,5,12,30,28,13,BROWN,1
TRUCK1,13,3,14,30,26,12,TRUCK,2
TRUEBUSINESS,14,5,11,30,28,13,TRUEBUSINESS,1
BYE,15,3,12,30,27,13,BYE,1
CALCULATOR,14,4,12,30,27,13,CALCULATOR,1
BOYFRIEND,15,5,10,30,27,14,BOYFRIEND,1
BRA1,13,5,12,30,28,13,BRA,3
BRACELET,13,4,13,30,28,13,BRACELET,1
BRAILLE,14,4,12,30,27,12,BRAILLE,1
BREAK,13,4,13,30,28,13,BREAK,1
SCROLLDOWN,17,3,10,30,30,17,SCROLLDOWN,1
SECRET,15,4,11,30,28,14,SECRET,1
SENIORCITIZEN,14,4,12,30,27,12,SENIORCITIZEN,1
EASTER,14,3,13,30,27,13,EASTER,1
EVENT,15,5,10,30,27,14,EVENT,1
SCARF4,14,5,11,30,28,14,SCARF,4
SCARMEMORY,15,3,12,30,27,13,SCARMEMORY,1
SCHOOL,16,3,11,30,30,16,SCHOOL,1
SCIENTIST,15,4,11,30,29,14,SCIENTIST,1
SCORE,14,3,13,30,25,11,SCORE,1
SCOUT,14,4,12,30,27,12,SCOUT,1
SCREWDRIVER2,14,4,12,30,28,13,SCREWDRIVER,3
ENVIRONMENT,15,3,12,30,28,14,ENVIRONMENT,1
EQUAL,13,5,12,30,28,13,EQUAL,1
ERASE1,14,4,12,30,29,14,ERASE,5
ERASE2,15,4,11,30,29,15,ERASE,5
ERASE3,15,3,12,30,26,12,ERASE,5
ERASE5,14,5,11,30,27,14,ERASE,5
ERUPT1,14,4,12,30,27,12,ERUPT,2
FADE,15,4,11,30,29,14,FADE,1
FAINT,13,4,13,30,26,11,FAINT,1
ENGAGEMENT,14,4,12,30,29,14,ENGAGEMENT,1
ENGLISH,15,4,11,30,29,14,ENGLISH,1
ENVELOPE2,13,4,13,30,28,13,ENVELOPE,5
ENVELOPE3,14,4,12,30,28,13,ENVELOPE,5
SHARP1,15,3,12,30,29,15,SHARP,2
SHARP2,15,4,11,30,28,14,SHARP,2
SHARPEN3,15,4,11,30,28,15,SHARPEN,3
SHAVE5,15,4,11,30,28,14,SHAVE,5
SHOES,15,3,12,30,28,15,SHOES,1
SHOOT1,14,4,12,30,27,12,SHOOT,2
SEVEN,14,4,12,30,27,13,SEVEN,1
SHAKESPEARE,13,5,12,30,28,13,SHAKESPEARE,1
SHAME,15,4,11,30,28,14,SHAME,1
SHAMEONYOU,14,4,12,30,27,13,SHAMEONYOU,1
SHAPE,14,3,13,30,27,13,SHAPE,1
EMAIL,12,6,12,30,27,12,EMAIL,1
EMPEROR,13,4,13,30,28,13,EMPEROR,1
EMPTY1,14,5,11,30,29,13,EMPTY,2
EMPTY2,17,3,10,30,30,17,EMPTY,2
SENSITIVE,14,5,11,30,28,14,SENSITIVE,1
SENTENCE1,14,4,12,30,28,13,SENTENCE,2
SEQUENCE,14,4,12,30,27,12,SEQUENCE,1
SERIOUS,14,3,13,30,28,14,SERIOUS,1
EFFECT,13,5,12,30,27,12,EFFECT,1
EGO,15,3,12,30,29,15,EGO,1
ELECTROCUTE,13,5,12,30,28,13,ELECTROCUTE,1
ELEMENTARYSCHOOL,14,5,11,30,26,12,ELEMENTARYSCHOOL,1
ELEPHANT,14,4,12,30,28,13,ELEPHANT,1
ELEVATOR3,15,3,12,30,28,14,ELEVATOR,3
ELEVEN,16,2,12,30,27,14,ELEVEN,1
EACHOTHER,15,3,12,30,29,15,EACHOTHER,1
EAGLE1,15,3,12,30,28,14,EAGLE,2
EAR,16,3,11,30,28,14,EAR,1
EARMUFFS,15,5,10,30,27,14,EARMUFFS,1
EARSUP,14,4,12,30,29,14,EARSUP,1
EARTH,15,3,12,30,28,14,EARTH,1
DRUG,15,4,11,30,28,14,DRUG,1
DRUNK,13,5,12,30,28,13,DRUNK,1
DRY,15,3,12,30,27,13,DRY,1
DUE,14,5,11,30,26,13,DUE,1
DUMB,15,4,11,30,29,14,DUMB,1
DUTY,14,4,12,30,27,13,DUTY,1
DYE,15,3,12,30,27,13,DYE,1
SHOWER,13,4,13,30,27,13,SHOWER,1
SHUTOUT,14,4,12,30,27,13,SHUTOUT,1
DRIVE,15,3,12,30,27,13,DRIVE,1
DROP,15,3,12,30,29,15,DROP,1
DROWN2,13,3,14,30,26,12,DROWN,5
DROWN4,15,3,12,30,26,13,DROWN,5
SHOOTING,14,4,12,30,27,13,SHOOTING,1
SHORTWORD,16,3,11,30,30,16,SHORTWORD,1
SHOULD,14,4,12,30,27,13,SHOULD,1
SHOULDER3,14,5,11,30,27,13,SHOULDER,3
SHOUT1,14,4,12,30,26,12,SHOUT,2
SHOUT2,15,3,12,30,26,12,SHOUT,2
SHOVEL2,16,3,11,30,29,15,SHOVEL,2
SHOW,15,3,12,30,28,15,SHOW,1
DIRTY,16,3,11,30,30,16,DIRTY,1
DISAGREEMENT,14,4,12,30,29,14,DISAGREEMENT,1
DISCONNECT,14,4,12,30,27,12,DISCONNECT,1
DISPATCH,14,4,12,30,27,13,DISPATCH,1
DISSECT,13,5,12,30,28,13,DISSECT,1
DISSOLVE,14,5,11,30,27,13,DISSOLVE,1
DISTRACTED,15,3,12,30,27,13,DISTRACTED,1
DIVE,13,5,12,30,28,13,DIVE,1
SINGLE,16,3,11,30,29,15,SINGLE,1
SINGLEOUT,15,3,12,30,28,14,SINGLEOUT,1
SIREN,14,4,12,30,27,13,SIREN,1
SKIRT,16,3,11,30,28,16,SKIRT,1
SKUNK,16,3,11,30,28,15,SKUNK,1
SLED1,13,5,12,30,26,12,SLED,2
SLED2,13,5,12,30,27,12,SLED,2
SLEEP,13,5,12,30,28,13,SLEEP,1
DREADLOCKS,14,4,12,30,27,13,DREADLOCKS,1
DRINK2,14,5,11,30,27,13,DRINK,2
SIGNINGFLUENTLY,16,3,11,30,27,14,SIGNINGFLUENTLY,1
SIGNPAPER,15,3,12,30,29,15,SIGNPAPER,1
SILLY,14,4,12,30,28,13,SILLY,1
SILVER,14,5,11,30,28,13,SILVER,1
DONTCARE,14,4,12,30,27,13,DONTCARE,1
DONTNEED,14,4,12,30,27,12,DONTNEED,1
DORMITORY,15,4,11,30,29,14,DORMITORY,1
DOWNLOAD,16,3,11,30,29,15,DOWNLOAD,1
BURN,15,3,12,30,28,14,BURN,1
BURP,14,4,12,30,27,13,BURP,1
BURY1,15,3,12,30,28,14,BURY,4
BURY4,13,5,12,30,28,13,BURY,4
BUSINESS,12,5,13,30,27,12,BUSINESS,1
BUSTED,14,4,12,30,27,13,BUSTED,1
BUT,15,3,12,30,27,13,BUT,1
BUTTONS,14,4,12,30,27,12,BUTTONS,1
TROPHY,15,4,11,30,28,14,TROPHY,1
BUBBLES,16,3,11,30,29,15,BUBBLES,1
BUCKLE2,14,5,11,30,26,13,BUCKLE,2
BUFFALO,14,4,12,30,27,13,BUFFALO,1
BUG,13,4,13,30,28,13,BUG,1
BULLDOZER,13,5,12,30,27,12,BULLDOZER,1
TOY2,13,4,13,30,26,11,TOY,3
TRAFFIC,14,4,12,30,29,14,TRAFFIC,1
TRANSGENDER,15,5,10,30,26,13,TRANSGENDER,1
TRASH,14,4,12,30,29,14,TRASH,1
TRIM1,13,4,13,30,28,13,TRIM,2
TRIP2,13,4,13,30,28,13,TRIP,2
TORNADO,14,4,12,30,29,14,TORNADO,1
TOSS,15,3,12,30,29,15,TOSS,1
TOSSOUT,15,3,12,30,29,15,TOSSOUT,1
TOTAL,15,3,12,30,29,15,TOTAL,1
TOUCH,16,3,11,30,28,14,TOUCH,1
TOUGH,14,5,11,30,29,13,TOUGH,1
TOW1,15,3,12,30,28,14,TOW,3
TOWEL,15,4,11,30,28,14,TOWEL,1
DEODORANT,14,4,12,30,29,14,DEODORANT,1
DESIGN,14,4,12,30,27,12,DESIGN,1
DESSERT,14,4,12,30,27,12,DESSERT,1
DIAMOND,12,5,13,30,27,12,DIAMOND,1
DIAPER,15,4,11,30,29,14,DIAPER,1
DICE,15,4,11,30,28,14,DICE,1
SMOKE,14,4,12,30,27,12,SMOKE,1
SNAIL,14,4,12,30,26,13,SNAIL,1
SNAKE,12,5,13,30,27,12,SNAKE,1
SNAPSTICK,14,4,12,30,28,13,SNAPSTICK,1
SNOB,13,4,13,30,28,13,SNOB,1
SNOW2,16,3,11,30,29,16,SNOW,2
DOMINANT,14,5,11,30,26,12,DOMINANT,1
DONKEY,14,4,12,30,26,13,DONKEY,1
SLICE2,14,4,12,30,27,12,SLICE,4
SLICE4,15,4,11,30,28,14,SLICE,4
SLIDE1,14,4,12,30,27,12,SLIDE,2
SMILE2,15,3,12,30,28,14,SMILE,2
DIZZY,15,3,12,30,28,14,DIZZY,1
DOCTOR1,13,4,13,30,28,13,DOCTOR,2
DOCUMENT,14,4,12,30,27,13,DOCUMENT,1
DOESNTMATTER,15,5,10,30,27,14,DOESNTMATTER,1
DOLPHIN1,15,4,11,30,29,14,DOLPHIN,3
SOUTH,15,3,12,30,29,15,SOUTH,1
SOW,13,4,13,30,26,11,SOW,1
DAUGHTER,13,5,12,30,27,12,DAUGHTER,1
DEALCARDS,14,3,13,30,27,13,DEALCARDS,1
DEATH,13,5,12,30,28,13,DEATH,1
SOFT,14,5,11,30,28,13,SOFT,1
SOFTBALL,15,5,10,30,26,13,SOFTBALL,1
SOMERSAULT1,16,4,10,30,29,15,SOMERSAULT,3
SOMETIMES,13,5,12,30,27,12,SOMETIMES,1
SORRY,15,3,12,30,28,15,SORRY,1
SOUND,14,4,12,30,27,13,SOUND,1
SOUR,14,4,12,30,27,13,SOUR,1
DIRECTOR,14,4,12,30,29,14,DIRECTOR,1
SNOWMAN,14,4,12,30,27,12,SNOWMAN,1
SO,15,3,12,30,27,13,SO,1
SOAP1,15,4,11,30,29,14,SOAP,2
SOCCER1,15,3,12,30,28,15,SOCCER,2
SODA,13,5,12,30,28,13,SODA,1
DICTIONARY,15,3,12,30,27,13,DICTIONARY,1
DILEMMA,13,4,13,30,26,11,DILEMMA,1
DININGROOM,14,4,12,30,27,13,DININGROOM,1
DINOSAUR2,14,4,12,30,28,14,DINOSAUR,2
DIP1,14,5,11,30,30,14,DIP,3
DIP2,13,3,14,30,26,12,DIP,3
CROSS1,16,3,11,30,29,16,CROSS,3
CROWN,14,4,12,30,27,13,CROWN,1
CRY3,16,3,11,30,29,15,CRY,4
CULTURE,14,4,12,30,27,13,CULTURE,1
CUP,15,4,11,30,29,14,CUP,1
CURIOUS,14,4,12,30,27,13,CURIOUS,1
CURL2,13,5,12,30,25,11,CURL,2
SPLASH-CA,13,5,12,30,26,12,SPLASH-CA,1
SPREAD1,15,4,11,30,28,13,SPREAD,3
SPREAD3,14,4,12,30,28,14,SPREAD,3
SPRING,14,5,11,30,28,13,SPRING,1
SQUARE,15,3,12,30,29,15,SQUARE,1
STACK1,14,4,12,30,28,14,STACK,4
CREWCUT,13,5,12,30,28,13,CREWCUT,1
DELINQUENT,13,5,12,30,27,12,DELINQUENT,1
DENT,14,5,11,30,29,13,DENT,1
SPECIALIST,15,3,12,30,28,14,SPECIALIST,1
SPECIFIC,14,4,12,30,25,11,SPECIFIC,1
SPENDLOTSOFMONEY,14,5,11,30,28,13,SPENDLOTSOFMONEY,1
SPILL1,14,4,12,30,26,13,SPILL,2
DECORATE1,16,3,11,30,29,15,DECORATE,2
DEDICATE1,14,4,12,30,27,13,DEDICATE,2
DEDICATE2,15,5,10,30,26,13,DEDICATE,2
DEER,14,4,12,30,29,14,DEER,1
DEFEAT,15,5,10,30,26,13,DEFEAT,1
DELEGATE,15,4,11,30,28,14,DELEGATE,1
DELIBERATE,14,5,11,30,29,13,DELIBERATE,1
COOL4,16,3,11,30,28,14,COOL,4
CORKSCREW2,15,4,11,30,29,14,CORKSCREW,2
COUNSELOR,15,4,11,30,29,14,COUNSELOR,1
COW,13,5,12,30,28,13,COW,1
COWBOY,15,4,11,30,28,14,COWBOY,1
CRACKER1,13,4,13,30,28,13,CRACKER,2
CRACKER2,16,3,11,30,28,15,CRACKER,2
CRANKY,14,4,12,30,27,12,CRANKY,1
STEAM,15,3,12,30,28,14,STEAM,1
STETHOSCOPE1,13,5,12,30,28,13,STETHOSCOPE,4
STETHOSCOPE2,16,4,10,30,29,15,STETHOSCOPE,4
STILL,14,4,12,30,27,13,STILL,1
STIMULATE,14,4,12,30,27,12,STIMULATE,1
STAFF,15,3,12,30,28,15,STAFF,1
STAMP1,14,4,12,30,27,12,STAMP,3
STAMP2,15,2,13,30,27,14,STAMP,3
STAPLER,15,5,10,30,30,15,STAPLER,1
STARE,15,3,12,30,27,13,STARE,1
START,13,5,12,30,28,13,START,1
STAY,14,4,12,30,27,13,STAY,1
CURTAIN,13,4,13,30,28,13,CURTAIN,1
CURTSEY2,14,4,12,30,26,13,CURTSEY,2
DAMN,14,4,12,30,28,13,DAMN,1
DANCER,15,4,11,30,29,14,DANCER,1
DANGER,14,5,11,30,28,13,DANGER,1
STACK3,15,3,12,30,28,14,STACK,4
STADIUM,15,3,12,30,27,13,STADIUM,1
CANDLE,16,3,11,30,29,15,CANDLE,1
CANDY1,15,4,11,30,29,14,CANDY,2
CANNON,15,3,12,30,28,14,CANNON,1
CAPTION,16,3,11,30,29,15,CAPTION,1
CARACCIDENT,14,5,11,30,28,13,CARACCIDENT,1
CALM,15,3,12,30,28,14,CALM,1
CAMEL,14,4,12,30,27,12,CAMEL,1
CAMERAMAN,15,3,12,30,27,13,CAMERAMAN,1
CAN2,15,4,11,30,27,14,CAN,2
CANADA,15,3,12,30,28,14,CANADA,1
TODAY,15,4,11,30,28,14,TODAY,1
TOGETHER,14,4,12,30,27,12,TOGETHER,1
TOMORROW,16,4,10,30,28,15,TOMORROW,1
TOOTHBRUSH,16,3,11,30,29,15,TOOTHBRUSH,1
TOOTHBRUSH-CA,14,5,11,30,27,13,TOOTHBRUSH-CA,1
TOPIC,14,4,12,30,27,13,TOPIC,1
CALIFORNIA,15,3,12,30,28,14,CALIFORNIA,1
TIE1,15,4,11,30,29,14,TIE,2
TIEUP1,13,5,12,30,28,13,TIEUP,2
TIMEOUT,13,5,12,30,28,13,TIMEOUT,1
TIMEPROGRESS,14,4,12,30,27,13,TIMEPROGRESS,1
TIRED,13,4,13,30,28,13,TIRED,1
TISSUE,14,5,11,30,30,14,TISSUE,1
TOAGOAL,14,4,12,30,27,12,TOAGOAL,1
COMPUTER,15,4,11,30,29,14,COMPUTER,1
COMPUTERMOUSE,15,3,12,30,29,15,COMPUTERMOUSE,1
CONTACT,14,4,12,30,29,14,CONTACT,1
STRONG,15,4,11,30,28,13,STRONG,1
STRUCTURE,14,4,12,30,27,12,STRUCTURE,1
STRUGGLE,14,4,12,30,27,12,STRUGGLE,1
STUBBORN,14,4,12,30,29,14,STUBBORN,1
STUCK,15,4,11,30,28,14,STUCK,1
COMMUNITY,15,3,12,30,29,15,COMMUNITY,1
COMMUTE,14,4,12,30,27,13,COMMUTE,1
COMPASS,14,4,12,30,27,12,COMPASS,1
STRAIN2,14,5,11,30,26,13,STRAIN,2
STRAW,15,4,11,30,28,13,STRAW,1
STRAWBERRY3,15,4,11,30,28,15,STRAWBERRY,4
STRAWBERRY4,13,5,12,30,28,13,STRAWBERRY,4
STRICT,14,4,12,30,29,14,STRICT,1
CRASH,15,3,12,30,28,14,CRASH,1
CRASHPLANE,13,5,12,30,28,13,CRASHPLANE,1
CRAWL1,13,4,13,30,28,13,CRAWL,2
CREAM2,14,5,11,30,26,13,CREAM,2
CREATE,14,5,11,30,28,13,CREATE,1
STOPWATCH,14,4,12,30,29,14,STOPWATCH,1
STORY3,14,4,12,30,27,13,STORY,3
COACH,15,3,12,30,28,14,COACH,1
COFFEE,15,4,11,30,29,14,COFFEE,1
COLOR,13,4,13,30,28,13,COLOR,1
COME,15,3,12,30,26,12,COME,1
CHEW2MOUTH,15,4,11,30,29,14,CHEW2MOUTH,1
SUPPORT1,14,4,12,30,27,12,SUPPORT,2
SURE,16,3,11,30,29,15,SURE,1
SURGERY,14,4,12,30,27,12,SURGERY,1
CLIP,14,5,11,30,29,13,CLIP,1
CLOCK2,16,3,11,30,29,15,CLOCK,2
CLOSEDOOR,14,4,12,30,27,13,CLOSEDOOR,1
CLOSET2,13,5,12,30,27,12,CLOSET,2
SUMMER,15,3,12,30,28,15,SUMMER,1
SUMMON,15,3,12,30,28,14,SUMMON,1
SUNBATHE1,14,3,13,30,26,13,SUNBATHE,2
SUNDAY,14,4,12,30,28,14,SUNDAY,1
SUNSET,14,4,12,30,28,13,SUNSET,1
SUPERVISE,14,4,12,30,27,12,SUPERVISE,1
CONVINCE1,14,4,12,30,27,13,CONVINCE,2
CONVINCE2,15,3,12,30,28,14,CONVINCE,2
COOL2,15,4,11,30,27,13,COOL,4
STUDENT,14,4,12,30,29,14,STUDENT,1
STUDY,15,3,12,30,29,15,STUDY,1
STUMBLE,15,3,12,30,29,15,STUMBLE,1
STUPID1,13,4,13,30,28,13,STUPID,2
SUIT,13,5,12,30,27,12,SUIT,1
TAKE,16,3,11,30,29,15,TAKE,1
TAKEPILL,14,4,12,30,25,11,TAKEPILL,1
CENTER,14,4,12,30,29,14,CENTER,1
CEREAL,15,4,11,30,29,14,CEREAL,1
CERTIFICATE,14,4,12,30,29,14,CERTIFICATE,1
SWEAT,14,4,12,30,27,12,SWEAT,1
SWEATER1,15,3,12,30,28,14,SWEATER,3
SWEATSHIRT,16,4,10,30,30,16,SWEATSHIRT,1
SWING2,14,5,11,30,28,13,SWING,2
SYSTEM,14,4,12,30,27,13,SYSTEM,1
TABLE,15,4,11,30,29,14,TABLE,1
CHURCH,16,3,11,30,29,16,CHURCH,1
CIRCLE,15,4,11,30,28,14,CIRCLE,1
CLASS,13,4,13,30,28,13,CLASS,1
CLAUSE,13,5,12,30,27,12,CLAUSE,1
CLAW,15,4,11,30,28,13,CLAW,1
SUSPENDERS2,14,4,12,30,27,12,SUSPENDERS,2
SWALLOW,13,4,13,30,28,13,SWALLOW,1
SWEARIN,15,3,12,30,29,15,SWEARIN,1
CHEW4,16,3,11,30,29,15,CHEW,4
CHILDREN,15,3,12,30,29,15,CHILDREN,1
CHIMNEY,15,4,11,30,27,13,CHIMNEY,1
CHIN,14,5,11,30,28,13,CHIN,1
CHINA,13,4,13,30,28,13,CHINA,1
CHOKE,14,4,12,30,27,12,CHOKE,1
TEETH,16,3,11,30,30,16,TEETH,1
TELL,15,3,12,30,29,15,TELL,1
TEMPORARY,15,4,11,30,28,13,TEMPORARY,1
TENDENCY,14,4,12,30,27,12,TENDENCY,1
TEST,16,3,11,30,30,16,TEST,1
CARROT2,16,3,11,30,28,15,CARROT,3
CARRY,15,3,12,30,28,14,CARRY,1
TALKDIRTY,11,5,14,30,24,10,TALKDIRTY,1
TAN,15,3,12,30,27,13,TAN,1
TANKTOP,16,3,11,30,29,15,TANKTOP,1
TAPE,14,4,12,30,27,13,TAPE,1
TEA,15,3,12,30,28,15,TEA,1
CHEERLEADER1,14,4,12,30,27,12,CHEERLEADER,2
CHEERLEADER2,14,4,12,30,28,14,CHEERLEADER,2
CHEESE,14,4,12,30,28,13,CHEESE,1
CHERRY1,15,3,12,30,28,14,CHERRY,2
CHERRY2,14,4,12,30,29,14,CHERRY,2
CHEW1,17,3,10,30,29,16,CHEW,4
CHEW2,14,4,12,30,27,12,CHEW,4
CHAIR,14,4,12,30,29,14,CHAIR,1
CHAMP,15,4,11,30,30,15,CHAMP,1
CHAOS,14,5,11,30,29,13,CHAOS,1
CHARGECARD,13,5,12,30,27,12,CHARGECARD,1
CHEAT1,15,4,11,30,29,14,CHEAT,2
CHECK,14,4,12,30,28,13,CHECK,1
THIS/IT,15,4,11,30,26,12,THIS/IT,1
THOUGHTDISAPPEAR,15,3,12,30,27,13,THOUGHTDISAPPEAR,1
THRILLED,14,4,12,30,27,13,THRILLED,1
THROW1,14,3,13,30,27,13,THROW,2
THROWAWAY,15,3,12,30,26,12,THROWAWAY,1
THUNDER,15,3,12,30,27,13,THUNDER,1
THURSDAY,13,5,12,30,28,13,THURSDAY,1
TICKLE,17,3,10,30,29,16,TICKLE,1
THESE,14,4,12,30,27,12,THESE,1
THIN,13,4,13,30,28,13,THIN,1
THINKOBSESS,14,5,11,30,26,12,THINKOBSESS,1
THINKPENETRATE,14,4,12,30,27,12,THINKPENETRATE,1
CEILING,14,4,12,30,28,13,CEILING,1
CELERY,15,4,11,30,27,14,CELERY,1
THEATRE,13,4,13,30,28,13,THEATRE,1
THEORY,15,3,12,30,29,15,THEORY,1
THERE,14,4,12,30,29,14,THERE,1
THERMOMETER,16,3,11,30,30,16,THERMOMETER,1
CAT1,15,4,11,30,29,14,CAT,3
CATAPULT,17,4,9,30,27,14,CATAPULT,1
CATCH1,15,3,12,30,28,14,CATCH,3
CATCH3,14,4,12,30,27,13,CATCH,3
CAUGHT,14,4,12,30,27,12,CAUGHT,1
WITHOUT,15,3,12,30,28,14,WITHOUT,1
WOMAN2,14,5,11,30,26,12,WOMAN,2
WOOD,15,3,12,30,29,15,WOOD,1
WORKSHOP,14,4,12,30,27,12,WORKSHOP,1
ABOUT2,14,4,12,30,28,14,ABOUT,2
ZOOMIN,15,3,12,30,28,15,ZOOMIN,1
ACCEPT,14,5,11,30,29,13,ACCEPT,1
WIFE,16,3,11,30,30,16,WIFE,1
WILL,15,3,12,30,27,13,WILL,1
WINDOWOPEN,14,4,12,30,25,11,WINDOWOPEN,1
WINDY,14,4,12,30,27,13,WINDY,1
WISE,15,4,11,30,28,13,WISE,1
WITCH2,13,5,12,30,27,13,WITCH,2
WITH,15,3,12,30,28,14,WITH,1
ALLDAY,14,4,12,30,28,13,ALLDAY,1
ALLOVERBODY,14,4,12,30,27,13,ALLOVERBODY,1
ALLTOGETHER,14,3,13,30,27,13,ALLTOGETHER,1
ANGEL,15,4,11,30,29,14,ANGEL,1
ANTLERS,13,3,14,30,26,12,ANTLERS,1
APART,16,3,11,30,29,15,APART,1
APPOINTMENT,15,3,12,30,29,15,APPOINTMENT,1
ARTICULATESIGN,17,4,9,30,27,15,ARTICULATESIGN,1
ASSIGN,15,4,11,30,28,14,ASSIGN,1
ATHLETE,14,4,12,30,27,12,ATHLETE,1
ATLANTA,13,5,12,30,26,12,ATLANTA,1
ATTENTION,14,4,12,30,28,13,ATTENTION,1
AUDIENCE,14,5,11,30,28,13,AUDIENCE,1
AUSTRALIA,13,5,12,30,28,13,AUSTRALIA,1
ALASKA,15,3,12,30,29,15,ALASKA,1
ZIPPER,16,3,11,30,30,16,ZIPPER,1
MARCH,14,4,12,30,27,12,MARCH,1
MARRY,14,4,12,30,28,13,MARRY,1
MASSAGE,14,5,11,30,27,13,MASSAGE,1
MEACULPA,17,4,9,30,29,16,MEACULPA,1
MEAN1,13,4,13,30,28,13,MEAN,2
MEASURE2,13,4,13,30,27,12,MEASURE,2
WRONG,13,5,12,30,28,13,WRONG,1
YAWN4,13,5,12,30,28,13,YAWN,4
YES,15,5,10,30,26,13,YES,1
YESTERDAY,16,3,11,30,30,16,YESTERDAY,1
YOUNG,15,4,11,30,28,14,YOUNG,1
AGAINST,15,3,12,30,28,14,AGAINST,1
AGE,14,4,12,30,29,14,AGE,1
AGENCY,14,5,11,30,29,13,AGENCY,1
AIRPLANE,12,5,13,30,27,12,AIRPLANE,1
WORSE,14,5,11,30,29,13,WORSE,1
WRAP,14,5,11,30,28,13,WRAP,1
ACQUIRE,14,4,12,30,27,13,ACQUIRE,1
ADDRESS,16,4,10,30,29,16,ADDRESS,1
ADMIRE,15,3,12,30,28,14,ADMIRE,1
ADOPT,14,5,11,30,27,13,ADOPT,1
AFTERNOON,14,4,12,30,27,12,AFTERNOON,1
ACCIDENT,14,4,11,29,27,13,ACCIDENT,1
ACCOMPLISH,12,4,13,29,27,12,ACCOMPLISH,1
ADULT,15,3,11,29,28,14,ADULT,1
AGAIN,13,4,12,29,27,12,AGAIN,1
AGREEMENT,15,3,11,29,29,15,AGREEMENT,1
WRAPUP2,13,4,12,29,26,12,WRAPUP,2
YAY,14,5,10,29,26,13,YAY,1
YEAH,15,3,11,29,28,14,YEAH,1
MATCH,15,3,11,29,29,15,MATCH,1
AMAZING,15,3,11,29,29,15,AMAZING,1
WINDMILL2,13,4,12,29,28,13,WINDMILL,3
WORRY,12,5,12,29,27,12,WORRY,1
CASTLE2,16,3,10,29,29,16,CASTLE,4
CAT2,13,4,12,29,26,12,CAT,3
CATCHBASEBALL,14,4,11,29,27,14,CATCHBASEBALL,1
CAUSE,15,3,11,29,28,14,CAUSE,1
CELEBRATE,14,3,12,29,28,14,CELEBRATE,1
THINKEXPAND,13,4,12,29,26,12,THINKEXPAND,1
THIRSTY,14,3,12,29,27,13,THIRSTY,1
TASTE,13,4,12,29,27,12,TASTE,1
CHANGE,13,5,11,29,27,12,CHANGE,1
CHEAT2,15,3,11,29,28,14,CHEAT,2
CHERISH,13,4,12,29,27,12,CHERISH,1
TEAR,15,3,11,29,28,14,TEAR,1
TALL1,12,5,12,29,27,12,TALL,2
SWEET,15,3,11,29,28,14,SWEET,1
CHICAGO,12,4,13,29,27,12,CHICAGO,1
CAPE,13,5,11,29,27,12,CAPE,1
CAR,15,3,11,29,29,15,CAR,1
TABLET,15,3,11,29,28,14,TABLET,1
SWIM2,15,3,11,29,28,14,SWIM,2
TAIL1,17,2,10,29,26,16,TAIL,2
SUSPENDERS1,14,4,11,29,29,14,SUSPENDERS,2
SUNBATHE2,12,5,12,29,26,12,SUNBATHE,2
SUN,12,4,13,29,27,12,SUN,1
CRAZY,15,3,11,29,29,15,CRAZY,1
CLUELESS,13,4,12,29,26,11,CLUELESS,1
STRAIN1,16,3,10,29,28,15,STRAIN,2
CLOUD3,15,3,11,29,27,14,CLOUD,4
CONDUCT2,14,4,11,29,28,13,CONDUCT,3
CONDUCT1,14,4,11,29,28,13,CONDUCT,3
STRETCH1,15,3,11,29,28,14,STRETCH,2
STRETCH-CA,15,3,11,29,28,14,STRETCH-CA,1
CONDUCT3,13,4,12,29,27,13,CONDUCT,3
CONFLICT,13,4,12,29,27,12,CONFLICT,1
CANOE,15,3,11,29,29,15,CANOE,1
CALL1,15,3,11,29,29,15,CALL,2
TO,13,4,12,29,26,12,TO,1
DAY,16,3,10,29,29,16,DAY,1
SOMERSAULT2,15,4,10,29,28,14,SOMERSAULT,3
DART,15,3,11,29,28,14,DART,1
CURL1,15,4,10,29,28,14,CURL,2
DINOSAUR1,14,4,11,29,28,13,DINOSAUR,2
DIP3,15,3,11,29,28,14,DIP,3
STACK2,13,4,12,29,27,12,STACK,4
STETHOSCOPE4,14,4,11,29,27,13,STETHOSCOPE,4
STETHOSCOPE3,13,4,12,29,27,12,STETHOSCOPE,4
STEAK,14,3,12,29,27,13,STEAK,1
STAND2,14,4,11,29,27,13,STAND,2
SANDALS,13,4,12,29,28,13,SANDALS,1
SAW2,14,4,11,29,28,14,SAW,2
SAFE,13,5,11,29,26,12,SAFE,1
ECLIPSE,13,4,12,29,26,11,ECLIPSE,1
BRA2,14,3,12,29,27,13,BRA,3
SAIL1,13,5,11,29,27,13,SAIL,2
TV,15,3,11,29,28,14,TV,1
BRUSH,14,4,11,29,28,13,BRUSH,1
SHIELD,14,4,11,29,28,14,SHIELD,1
SEVERAL,13,4,12,29,27,12,SEVERAL,1
SHAMPOO,12,4,13,29,27,12,SHAMPOO,1
SOCIAL,14,3,12,29,28,14,SOCIAL,1
DOLPHIN2,15,3,11,29,28,14,DOLPHIN,3
SLICE3,13,3,13,29,26,12,SLICE,4
SMOKING,15,3,11,29,28,14,SMOKING,1
DOLL,15,3,11,29,28,14,DOLL,1
DOWN,15,3,11,29,27,14,DOWN,1
BUN,15,3,11,29,28,14,BUN,1
TRIPLE,15,3,11,29,28,14,TRIPLE,1
DEVIL,14,4,11,29,28,13,DEVIL,1
SNOW1,12,4,13,29,27,12,SNOW,2
TRIM2,15,3,11,29,27,14,TRIM,2
TREE,12,4,13,29,27,12,TREE,1
ENJOY,15,3,11,29,28,14,ENJOY,1
EARN,16,3,10,29,28,15,EARN,1
EAGLE2,14,4,11,29,27,13,EAGLE,2
DROWN3,15,3,11,29,28,14,DROWN,5
DUCK1,14,3,12,29,27,13,DUCK,2
DROWN1,14,4,11,29,27,13,DROWN,5
SIGNLANGUAGE,15,3,11,29,28,14,SIGNLANGUAGE,1
DRIBBLE,13,4,12,29,27,13,DRIBBLE,1
DRAW,15,3,11,29,29,15,DRAW,1
ESCALATE,12,3,14,29,26,12,ESCALATE,1
SELL,15,3,11,29,28,14,SELL,1
ENVELOPE4,14,5,10,29,27,13,ENVELOPE,5
SHARK2,14,4,11,29,27,13,SHARK,2
FULL,15,3,11,29,29,15,FULL,1
FURNITURE,14,3,12,29,27,13,FURNITURE,1
UNICORN,13,4,12,29,26,12,UNICORN,1
FREE,14,4,11,29,26,12,FREE,1
REPLACE,15,3,11,29,28,14,REPLACE,1
FOCUS,15,3,11,29,28,14,FOCUS,1
FRISK,13,4,12,29,26,11,FRISK,1
REMIND,13,4,12,29,26,12,REMIND,1
RACECARTRACK,15,3,11,29,28,14,RACECARTRACK,1
RACE,13,4,12,29,27,12,RACE,1
FRANCE,15,3,11,29,29,15,FRANCE,1
FORMER,13,4,12,29,27,12,FORMER,1
ROAR1,15,3,11,29,28,14,ROAR,2
FINALLY,14,3,12,29,27,13,FINALLY,1
FRENCH,15,3,11,29,28,14,FRENCH,1
FRIEND,15,3,11,29,29,15,FRIEND,1
RESENT,14,4,11,29,28,13,RESENT,1
RESPECT,13,4,12,29,27,12,RESPECT,1
FORFEIT,15,3,11,29,29,15,FORFEIT,1
RHINO1,15,3,11,29,27,14,RHINO,3
FOLLOW3,15,3,11,29,28,14,FOLLOW,4
FEBRUARY,14,4,11,29,27,13,FEBRUARY,1
FATHER,14,3,12,29,27,14,FATHER,1
RUNFAUCET,15,3,11,29,28,14,RUNFAUCET,1
FLAG2,15,5,9,29,26,14,FLAG,2
FISHING2,13,4,12,29,27,12,FISHING,2
FACULTY,14,4,11,29,27,13,FACULTY,1
EXPERT,15,3,11,29,28,14,EXPERT,1
MAKEBELIEVE,15,3,11,29,28,14,MAKEBELIEVE,1
ARM2,13,4,12,29,27,12,ARM,3
ARRIVE,15,3,11,29,28,14,ARRIVE,1
LONGAGO,14,3,12,29,28,14,LONGAGO,1
MEETING,13,4,12,29,26,12,MEETING,1
MAGIC,15,3,11,29,28,14,MAGIC,1
MEET,16,3,10,29,29,16,MEET,1
MUSIC,12,5,12,29,27,12,MUSIC,1
MOON,14,4,11,29,28,13,MOON,1
LONGTIME,14,4,11,29,27,13,LONGTIME,1
MOP1,15,4,10,29,28,14,MOP,2
LETKNOW,16,2,11,29,29,16,LETKNOW,1
NEXTDOWN,15,3,11,29,27,14,NEXTDOWN,1
PAINT,15,3,11,29,28,14,PAINT,1
OWL,12,5,12,29,27,12,OWL,1
OVERTAKE,13,4,12,29,27,12,OVERTAKE,1
KITE2,13,5,11,29,27,13,KITE,2
KNIGHT2,15,4,10,29,28,14,KNIGHT,4
LECTURE,12,4,13,29,27,12,LECTURE,1
WEATHER,12,4,13,29,27,12,WEATHER,1
ITCH,13,4,12,29,27,12,ITCH,1
JUGGLE,15,3,11,29,28,14,JUGGLE,1
KEEP,14,4,11,29,26,12,KEEP,1
KISS2,15,3,11,29,28,14,KISS,3
LIGHTCANDLE,15,3,11,29,28,14,LIGHTCANDLE,1
LIGHTWEIGHT,13,4,12,29,28,13,LIGHTWEIGHT,1
LOBSTER1,12,4,13,29,26,11,LOBSTER,3
NEGATIVE,14,4,11,29,26,12,NEGATIVE,1
PSYCHOLOGIST,14,4,11,29,28,14,PSYCHOLOGIST,1
PROCESS,14,5,10,29,28,13,PROCESS,1
PRESSINMIND,13,4,12,29,28,13,PRESSINMIND,1
GOD,16,2,11,29,29,16,GOD,1
PHONE,12,5,12,29,27,12,PHONE,1
HATBRIM,14,3,12,29,28,14,HATBRIM,1
GUN1,15,3,11,29,28,14,GUN,3
HEAR1,14,4,11,29,27,13,HEAR,2
HORSE,14,4,11,29,28,13,HORSE,1
VILLAGE,14,3,12,29,27,13,VILLAGE,1
HALFHOUR,14,4,11,29,27,13,HALFHOUR,1
POLISH,13,4,12,29,27,12,POLISH,1
POSITIVE,14,4,11,29,27,13,POSITIVE,1
POOR,15,3,11,29,28,14,POOR,1
POP1,13,4,12,29,28,13,POP,4
POP2,14,4,11,29,28,14,POP,4
PRESIDENT,12,4,13,29,27,12,PRESIDENT,1
PREACHER,15,3,11,29,29,15,PREACHER,1
GRANDMOTHER,15,3,11,29,28,14,GRANDMOTHER,1
GRAPES2,15,3,11,29,28,14,GRAPES,2
HOTCOMPETITION,14,3,12,29,27,13,HOTCOMPETITION,1
BLEED,15,3,11,29,28,14,BLEED,1
VIDEOGAME,15,3,11,29,27,14,VIDEOGAME,1
ISLAND,14,4,11,29,28,13,ISLAND,1
HOMEWORK,13,5,11,29,28,13,HOMEWORK,1
PET2,15,3,11,29,28,14,PET,2
PERSISTENT,14,4,11,29,27,13,PERSISTENT,1
IPHONE,15,3,11,29,28,14,IPHONE,1
PERCENT,12,5,12,29,27,12,PERCENT,1
PERCEIVE,14,3,12,29,28,14,PERCEIVE,1
IDEA,15,3,11,29,29,15,IDEA,1
HUMBLE,15,4,10,29,28,14,HUMBLE,1
HIGH,12,4,13,29,27,12,HIGH,1
HELICOPTER1,15,3,11,29,28,14,HELICOPTER,3
PINCH2,13,5,11,29,27,13,PINCH,2
PILLOW1,14,4,11,29,28,13,PILLOW,3
NECKLACE2,15,3,11,29,28,14,NECKLACE,4
LESS,14,4,11,29,27,13,LESS,1
HANGCLOTHES,12,5,11,28,25,12,HANGCLOTHES,1
CARROT3,13,3,12,28,26,12,CARROT,3
OUT,12,4,12,28,27,12,OUT,1
BALL,14,3,11,28,26,13,BALL,1
HAIR1,13,5,10,28,27,13,HAIR,2
HALLOWEEN2,11,5,8,24,22,11,HALLOWEEN,2
HOSPITAL2,11,3,10,24,21,10,HOSPITAL,2
TWINS2,10,4,10,24,21,10,TWINS,2
EAT2,12,3,9,24,23,12,EAT,2
LUNCH2,12,3,9,24,22,11,LUNCH,2
MOVIE2,12,3,9,24,22,12,MOVIE,2
BASKETBALL3,11,3,10,24,20,9,BASKETBALL,3
BASKETBALL2,11,3,10,24,21,10,BASKETBALL,3
HURDLE/TRIP2,12,3,9,24,22,11,HURDLE/TRIP,2
DINNER2,11,4,9,24,21,10,DINNER,2
DRAG2,11,5,8,24,21,10,DRAG,2
CANCER2,11,4,9,24,21,10,CANCER,2
DOG3,12,3,9,24,21,11,DOG,4
DEVELOP2,10,4,10,24,20,9,DEVELOP,2
CONFUSED2,10,5,8,23,20,9,CONFUSED,2
CHRISTMAS2,11,3,9,23,21,10,CHRISTMAS,2
THIRD2,11,4,8,23,22,11,THIRD,2
CANCEL2,11,4,8,23,22,11,CANCEL,2
SPECIAL2,11,3,9,23,20,9,SPECIAL,2
DECIDE2,12,3,8,23,22,11,DECIDE,2
TAKEOFF2,9,5,9,23,19,9,TAKEOFF,2
DARK2,11,4,8,23,21,10,DARK,2
CALENDAR2,12,3,8,23,22,11,CALENDAR,2
DOWNSIZE2,11,3,9,23,20,9,DOWNSIZE,2
BREAKFAST2,10,3,10,23,21,10,BREAKFAST,2
WHATFOR2,11,3,9,23,21,10,WHATFOR,3
AXE2,10,4,9,23,20,9,AXE,2
PARTY2,11,4,8,23,21,10,PARTY,2
BELIEVE2,10,3,10,23,21,10,BELIEVE,2
WHATFOR3,12,3,8,23,22,11,WHATFOR,3
DOG4,11,3,9,23,20,10,DOG,4
ELEVATOR2,12,3,8,23,22,12,ELEVATOR,3
EDIT2,10,4,9,23,21,10,EDIT,2
DEAF2,10,3,10,23,21,10,DEAF,2
FOREIGNER2,11,3,9,23,22,11,FOREIGNER,2
BITE2,10,5,8,23,20,9,BITE,2
ROCKINGCHAIR2,11,3,9,23,22,11,ROCKINGCHAIR,2
RIVER2,10,4,9,23,21,10,RIVER,2
RESEARCH2,12,4,7,23,22,12,RESEARCH,2
RECENT2,11,4,8,23,22,11,RECENT,2
FINE2,12,3,8,23,22,11,FINE,2
BACKPACK2,11,3,9,23,20,9,BACKPACK,2
MICROSCOPE3,11,4,8,23,21,10,MICROSCOPE,3
NIGHT2,10,3,10,23,21,10,NIGHT,2
NOON2,11,4,8,23,22,11,NOON,2
LOCK2,12,3,8,23,21,10,LOCK,3
THEY2,11,3,8,22,20,10,THEY,2
DEMAND2,10,3,9,22,21,10,DEMAND,2
CLOUD2,10,3,9,22,21,10,CLOUD,4
TYPE2,12,3,7,22,22,12,TYPE,2
SHAVE2,11,3,8,22,22,11,SHAVE,5
BELT2,10,4,8,22,20,9,BELT,2
GUESS2,10,3,9,22,21,10,GUESS,2
MECHANIC2,9,4,9,22,19,8,MECHANIC,2
PATIENT3,11,3,8,22,21,10,PATIENT,3
BEE2,9,4,8,21,19,8,BEE,2
LETTUCE2,10,3,8,21,21,10,LETTUCE,2
