signer_id,split,n_splits,videos,glosses,mb_mean,gloss_coverage,share,repeats_per_gloss
P35,test,1,3004,2633,0.5366,0.9641,0.036,1.1409
P11,train,1,3000,2719,0.3811,0.9956,0.036,1.1033
P17,test,1,3000,2722,0.4907,0.9967,0.036,1.1021
P15,test,1,3000,2588,0.8873,0.9476,0.036,1.1592
P49,test,1,3000,2730,0.4292,0.9996,0.036,1.0989
P39,val,1,3000,2724,0.935,0.9974,0.036,1.1013
P33,train,1,3000,2724,1.0977,0.9974,0.036,1.1013
P48,test,1,2999,2731,0.5449,1.0,0.036,1.0981
P26,val,1,2999,2712,0.4977,0.993,0.036,1.1058
P27,train,1,2999,2708,0.3965,0.9916,0.036,1.1075
P40,train,1,2998,2414,0.6834,0.8839,0.0359,1.2419
P18,test,1,2998,2729,0.4979,0.9993,0.0359,1.0986
P22,test,1,2997,2723,0.3013,0.9971,0.0359,1.1006
P21,val,1,2997,2727,0.4198,0.9985,0.0359,1.099
P42,test,1,2996,2637,0.7531,0.9656,0.0359,1.1361
P6,test,1,2993,2631,0.4052,0.9634,0.0359,1.1376
P50,train,1,2991,2709,0.5373,0.9919,0.0359,1.1041
P37,train,1,2989,2629,0.4479,0.9627,0.0358,1.1369
P9,test,1,2988,2715,0.732,0.9941,0.0358,1.1006
P31,train,1,2971,2692,0.5858,0.9857,0.0356,1.1036
P47,test,1,2966,2687,0.6864,0.9839,0.0356,1.1038
P29,train,1,2933,2614,0.5687,0.9572,0.0352,1.122
P52,train,1,2728,2728,0.8529,0.9989,0.0327,1.0
P16,train,1,2149,2149,0.5054,0.7869,0.0258,1.0
P14,train,1,1755,1741,0.4524,0.6375,0.021,1.008
P51,train,1,1502,1501,0.6052,0.5496,0.018,1.0007
P30,train,1,1490,1490,0.5673,0.5456,0.0179,1.0
P7,train,1,1195,1185,0.5991,0.4339,0.0143,1.0084
P23,train,1,1000,1000,0.6239,0.3662,0.012,1.0
P43,train,1,901,892,0.5405,0.3266,0.0108,1.0101
P12,val,1,697,693,0.4371,0.2538,0.0084,1.0058
P5,val,1,609,605,0.6498,0.2215,0.0073,1.0066
P4,train,1,444,444,0.8504,0.1626,0.0053,1.0
P34,train,1,425,425,0.6525,0.1556,0.0051,1.0
P36,train,1,380,379,0.5008,0.1388,0.0046,1.0026
P46,train,1,374,374,1.9155,0.1369,0.0045,1.0
P28,train,1,322,322,0.6364,0.1179,0.0039,1.0
P20,train,1,319,319,0.6356,0.1168,0.0038,1.0
P2,train,1,221,221,0.4947,0.0809,0.0026,1.0
P25,train,1,144,144,0.5307,0.0527,0.0017,1.0
P10,train,1,141,141,0.6693,0.0516,0.0017,1.0
P24,train,1,125,125,0.5568,0.0458,0.0015,1.0
P38,train,1,120,120,0.5451,0.0439,0.0014,1.0
P8,train,1,113,113,0.7449,0.0414,0.0014,1.0
P3,train,1,109,109,0.4498,0.0399,0.0013,1.0
P1,train,1,104,104,0.6215,0.0381,0.0012,1.0
P32,train,1,102,102,0.9196,0.0373,0.0012,1.0
P45,train,1,58,58,0.8679,0.0212,0.0007,1.0
P44,train,1,42,42,0.8419,0.0154,0.0005,1.0
P41,train,1,7,7,0.7722,0.0026,0.0001,1.0
P19,train,1,3,3,0.9617,0.0011,0.0,1.0
P13,val,1,2,2,0.732,0.0007,0.0,1.0
