gloss_base,n_variants
DROWN,5
PINEAPPLE,5
ERASE,5
ENVELOPE,5
SHAVE,5
CRY,4
MAGNET,4
CLOUD,4
YAWN,4
STACK,4
PIPE,4
CHEW,4
FLASHLIGHT,4
NECKLACE,4
HANDSOME,4
CASTLE,4
BANANA,4
FOLLOW,4
BURY,4
KNIGHT,4
FORK,4
DOG,4
SLICE,4
BOW,4
JACKET,4
GLOVES,4
STRAWBERRY,4
SANDWICH,4
POP,4
STETHOSCOPE,4
SCARF,4
COOL,4
PARACHUTE,3
KNITTING,3
CORN,3
PILLOW,3
MICROSCOPE,3
STORY,3
TOW,3
DIP,3
ARREST,3
ARM,3
TOY,3
KISS,3
HELICOPTER,3
DOLPHIN,3
LOBSTER,3
WHATFOR,3
GUN,3
SOMERSAULT,3
PEEL,3
RIGHT,3
PEG,3
GLASS,3
BASKETBALL,3
CARROT,3
SHOULDER,3
CAT,3
SHARPEN,3
ELEVATOR,3
CATCH,3
RHINO,3
FLOAT,3
PATIENT,3
LOCK,3
BAT,3
FILE,3
MEDITATE,3
CROSS,3
SCREWDRIVER,3
HAIRDRYER,3
WINDMILL,3
STAMP,3
IRON,3
MIX,3
WRISTWATCH,3
SWEATER,3
KANGAROO,3
CONDUCT,3
OIL,3
BARK,3
SPREAD,3
BRA,3
SKATEBOARDING,3
CALENDAR,2
DOWNSIZE,2
DINNER,2
TWINS,2
CALL,2
CANCEL,2
THROW,2
CAN,2
TIEUP,2
BORED,2
TIE,2
HURDLE/TRIP,2
BOOTS,2
DINOSAUR,2
TURKEY,2
DRAG,2
PEACH,2
BOIL,2
CANCER,2
BREAKDOWN,2
BREAKFAST,2
RECENT,2
SMILE,2
ORDER,2
SLIP,2
TRIM,2
BRIDGE,2
TRIP,2
SLIDE,2
POUR,2
TRUCK,2
DOCTOR,2
RABBIT,2
RAZOR,2
BOWLING,2
SNEEZE,2
GUESS,2
GUILLOTINE,2
SNOW,2
PANTS,2
CORKSCREW,2
SOAP,2
IMAGINE,2
SOCCER,2
PARTY,2
SLED,2
OPINION,2
BUCKLE,2
SUSPENDERS,2
PROBLEM,2
DARK,2
HEAR,2
PIZZA,2
CITY,2
SWIM,2
SWING,2
ONEMORE,2
CHRISTMAS,2
GREET,2
DECIDE,2
TAIL,2
CONFUSED,2
TAKEOFF,2
CRAWL,2
HELMET,2
DEAF,2
STUPID,2
POLICEMAN,2
HALLOWEEN,2
GRAPES,2
COMB,2
SUNBATHE,2
CURL,2
PLUG,2
CREAM,2
STAND,2
HAT,2
SUPPORT,2
CURTSEY,2
HATCH,2
CLOSET,2
CUTE,2
CLOCK,2
PLOW,2
PET,2
HONEY,2
PERFUME,2
GLUE,2
HOODIE,2
CONVINCE,2
THEY,2
THIEF,2
TALK,2
DEVELOP,2
HOSPITAL,2
SOON,2
HOW,2
STRAIN,2
THIRD,2
CANDY,2
PEAS,2
CRACKER,2
PINCH,2
TALL,2
STRETCH,2
CHERRY,2
DECORATE,2
DEDICATE,2
CHEERLEADER,2
TEACH,2
DENTIST,2
SPILL,2
HAIR,2
TEARRIP,2
HIPPO,2
HIT,2
DEMAND,2
HOLD,2
SPECIAL,2
CHEAT,2
ROAR,2
MOP,2
MOUNTAIN,2
EAT,2
WRAPUP,2
NOON,2
FOREIGNER,2
SHOUT,2
MONEY,2
LAMP,2
SHOVEL,2
LETTER,2
ABOUT,2
LUNCH,2
BED,2
FOREVER,2
LETTUCE,2
RUN,2
BEE,2
AUTISM,2
VIDEOCAMERA,2
LICK,2
MAGNIFY,2
BABY,2
BELIEVE,2
KNIFE,2
MODEL,2
SHARP,2
WASHFACE,2
BACKPACK,2
LEMON,2
WASH,2
RIVER,2
MOTIVATION,2
FINE,2
BAG,2
BAKE,2
WOMAN,2
WANT,2
AXE,2
NIGHT,2
SHIRT,2
RIDE,2
BANDAID,2
FOLD,2
SHOOT,2
WALK,2
LEAF,2
WADE,2
SHOP,2
EDIT,2
WITCH,2
FROWN,2
BASKET,2
SHARK,2
MEXICAN,2
FENCE,2
BITE,2
RESEARCH,2
JUICE,2
FISHING,2
SAW,2
UNDERWEAR,2
WELCOME,2
ERUPT,2
SAME,2
FALL,2
SERVE,2
UPSET,2
MEAN,2
BLINDS,2
DRINK,2
REMEMBER,2
MEASURE,2
MEAT,2
MECHANIC,2
ROCKINGCHAIR,2
WHAT,2
TYPE,2
BLOWCANDLE,2
SENTENCE,2
RELAX,2
FIREMAN,2
ROCKET,2
MOVIE,2
BELT,2
NOTHING,2
MAIL,2
LICKENVELOPE,2
KITE,2
EAGLE,2
EMPTY,2
LIFT,2
LIVE,2
FLAG,2
FEED,2
WHISTLE,2
SHAKE,2
MINIMUM,2
KICK,2
DUCK,2
MILK,2
SAIL,2
NUT,2
LOAD,2
ROLLERSKATING,1
ROLL,1
ROOM,1
PROJECT,1
ROLLUPSLEEVES,1
ROOF,1
PROMOTE,1
PROMISE,1
ROOMMATE,1
ROLLERBLADING,1
PROFOUNDLYDEAF,1
PRODUCESIGN,1
PROGRAM,1
PRETEND,1
PRESSINMIND,1
RUSSIA,1
PRESS,1
PRESIDENT,1
SAD,1
SAFE,1
SAILBOAT,1
SALAD,1
RUDE,1
SALT,1
PREFER,1
PREDICT,1
SALTSHAKER,1
SAMESAME,1
SAMETIME,1
PRECIOUS,1
PREACHER,1
SANDALS,1
PRAYER,1
PREGNANT,1
PROCESS,1
PRISON,1
ROOSTER,1
ROPE,1
PRIORITY,1
PRINT,1
ROSE,1
PRINCIPAL,1
ROUGH,1
ROW,1
RUSH,1
RUIN,1
RULE,1
RULER,1
PRINCE,1
RUNFAUCET,1
PRIEST,1
RUNOUTOF,1
PRIDE,1
PRICE,1
PRETTY,1
ROLE,1
RECITE,1
REASON,1
REALSICK,1
RESIST,1
RESPECT,1
RESPONSIBILITY,1
REST,1
REALLYINTO,1
RESTALLDAY,1
RESTAURANT,1
PUNCHFACE,1
READY,1
READ,1
REACT,1
REACH,1
RAT,1
RANGE,1
RAKE,1
RESTLESS,1
RAISIN,1
RAINBOW,1
REALLY,1
RELATIONSHIP,1
RELEASE,1
RELIEF,1
REGULAR,1
REGISTER,1
REFUSE,1
RELIGION,1
REMIND,1
REMOTECONTROL,1
REFRIGERATOR,1
RECORD,1
REDUCE,1
REMOVE,1
REDFACED,1
REPLACE,1
REQUEST,1
RESCUE,1
RED,1
RESENT,1
RESIGN,1
RECORDING,1
REFLECT,1
PUSH,1
PURPLE,1
ROAD,1
PUNISH,1
PUMPKIN,1
PULLCONVINCE,1
PULL,1
PUBLIC,1
PSYCHOLOGY,1
ROAST,1
RESULT,1
PROXIMALIZATION,1
PROVIDE,1
PROTEST,1
PROTECTION,1
PROPOSE,1
ROB,1
PROPELLER,1
PROOF,1
ROBOT,1
ROCK,1
PSYCHOLOGIST,1
RAIN,1
RADIO,1
RETIRE,1
RACECARTRACK,1
RACE,1
QUIT,1
RETRIEVE,1
REVENGE,1
QUIET,1
RIBBONAWARD,1
PUT,1
QUEEN,1
QUARTER,1
QUALITY,1
QTIP,1
QM,1
RING,1
PUZZLED,1
PUTINBACKMIND,1
PUTASIDE,1
RISK,1
RICH,1
NOTINTERESTED,1
NOTHINGATALL,1
NOTCARE,1
NOTATHING,1
NOT,1
NOSEBLEED,1
NOSE,1
NORTH,1
NORMAL,1
NOOSE,1
NONSENSE,1
NONE,1
NOISE,1
NOBIGDEAL,1
PIG,1
NINE,1
NIECE,1
NICE,1
NEXTYEAR,1
NEXTTO,1
NEXTDOWN,1
NEXT,1
NEWYORK,1
NEWSTOME,1
NEWSPAPER,1
NEW,1
NEVER,1
NEUTRAL,1
NETWORK,1
NET,1
NO,1
OPENWALLET,1
OPENBOOK,1
OPEN,1
OOPS,1
OOH,1
ONLYONE,1
ONION,1
ONEYEARAGO,1
ONE,1
ONCE,1
ON,1
OLDEST,1
OLD,1
OK,1
OHISEE,1
NOTMIND,1
OFFTHEPOINT,1
OFFICE,1
OFFHAND,1
OFFEND,1
OFF,1
OCTOPUS,1
OCEAN,1
OBVIOUS,1
OBSESS,1
NURSE,1
NUMBERS,1
NOW,1
NOTYET,1
NOTUSEDTO,1
NOTUNDERSTAND,1
OFTEN,1
MORNING,1
MORE,1
MOOSE,1
MOON,1
MONTH,1
MONSTER,1
MONKEY,1
MONDAY,1
MOCK,1
MISUNDERSTAND,1
MISSING,1
MISS,1
MISCHIEVOUS,1
MIRROR,1
MINUTE,1
NERVE,1
MINDTURNED,1
MIND,1
MIME,1
MIDDLE,1
MICROWAVE,1
MICROPHONE,1
METAPHOR,1
METAL,1
MESS,1
MENTION,1
MEMORIZEMEMORIZE,1
MEMORIZE,1
MEMBER,1
MELT,1
MELON,1
MINE,1
NEPHEW,1
NEGATIVE,1
NEEDLE,1
NEED,1
NECK,1
NEAR,1
NAVY,1
NAVEL,1
NAPKIN,1
NAME,1
NAKED,1
NAILCLIPPER,1
NAIL,1
MYSELF,1
MY,1
MOSQUITO,1
MUST,1
MUSIC,1
MUSHROOM,1
MUSEUM,1
MUSCLE,1
MURDER,1
MUMMY,1
MUCH,1
MOVEDOWN,1
MOVE,1
MOUTH,1
MOUSE,1
MOTORCYCLE,1
MOTHER,1
MOST,1
MUSTACHE,1
PLANT,1
PLANET,1
PLAN,1
PLAIN,1
PLACE,1
PJS,1
PIZZACUTTER,1
PITY,1
PITCHER,1
PISSEDOFF,1
PIRATE,1
PINON,1
PINK,1
PILL,1
OPERATEMACHINE,1
SANTA,1
PIE,1
PICTURE,1
PICNIC,1
PICKLE,1
PICK,1
PIANO,1
PHYSICS,1
PHOTOGRAPHY,1
PHONE,1
PHILOSOPHY,1
PHILADELPHIA,1
PHARMACIST,1
PERSUADE,1
PERSPECTIVE,1
PILE,1
PRACTICE,1
POWER,1
POWDER,1
POTATO,1
POSTPONE,1
POSSUM,1
POSSIBLE,1
POSITIVE,1
PORCUPINE,1
POPULAR,1
POPE,1
POPCORN,1
POOR,1
POOP,1
POOLGAME,1
PLATE,1
POLISH,1
POLICY,1
POLE,1
POINTINDEX,1
POINT,1
PLUS,1
PLUNGER,1
PLUMMET,1
PLIERS,1
PLENTY,1
PLEASE,1
PLAYGROUND,1
PLAYERS,1
PLAY,1
PLATFORM,1
PONDER,1
PAPERCUTTER,1
PAPER,1
PANCAKE,1
PAIR,1
PAINTBRUSH,1
PAINT,1
PAIN,1
PAGEANT,1
PAGE,1
PACK,1
OWN,1
OWL,1
OWE,1
OVERWHELMED,1
OVERTAKE,1
PERSON,1
OVERLOOK,1
OVER,1
OUTSIDE,1
OUT,1
OUR,1
OTHER,1
OSTRICH,1
ORGANIZATION,1
ORANGETHROAT,1
ORANGEEYES,1
ORANGE,1
ORAL,1
OR,1
OPTION,1
OPPORTUNITY,1
OVERNIGHT,1
PERSISTENT,1
PERMISSION,1
PERIOD,1
PERFECT,1
PERCENT,1
PERCEIVE,1
PEPSI,1
PEPPER,1
PEOPLE,1
PENNY,1
PENIS,1
PENGUIN,1
PENCIL,1
PEN,1
PEEKABOO,1
PARADE,1
PEAR,1
PEANUTBUTTER,1
PEACOCK,1
PEACE,1
PAYOFFBILLS,1
PAY,1
PAST,1
PASSPORT,1
PASSOUT,1
PASS,1
PARK,1
PARENTS,1
PARANOID,1
PARALLEL,1
PARAGRAPH,1
PECK,1
TWIRL,1
TV,1
TURTLE,1
TURNKEY,1
TURNAROUND,1
TURN,1
TURBAN,1
TUESDAY,1
TUBETOP,1
TUBE,1
TTY,1
TRY,1
TRUTH,1
TRUEBUSINESS,1
TRUE,1
SHOW,1
TOUGH,1
TOURNAMENT,1
TOWEL,1
TRACTOR,1
TRADITION,1
TRAFFIC,1
TRAIN,1
TROUBLE,1
TRANSGENDER,1
TRANSLATE,1
TRASH,1
TRAVEL,1
TREE,1
TRIANGLE,1
TRIPLE,1
TROPHY,1
TRANSFER,1
VASE,1
VANISH,1
VANILLA,1
VAMPIRE,1
VALUE,1
VALLEY,1
VALIDATE,1
VAIN,1
VAGINA,1
VACUUM,1
VACATION,1
USE,1
US,1
UPLOAD,1
UP,1
TWO,1
TWOMORE,1
TWOOFUS,1
TWOWEEKS,1
UDDER,1
UGLY,1
UMBRELLA,1
UNAWARE,1
UNTIL,1
UNCLE,1
UNDER,1
UNDERGRADUATE,1
UNDERSTAND,1
UNICORN,1
UNIQUE,1
UNIVERSE,1
UNIVERSITY,1
UNCERTAIN,1
THRILLED,1
THREE,1
THOUGHTDISAPPEAR,1
THIS/IT,1
THIRSTY,1
THINKPONDER,1
THINKPENETRATE,1
THINKOVER,1
THINKOBSESS,1
THINKEXPAND,1
THINKCONNECT,1
THINKCHIN,1
THINK,1
THINGS,1
THIN,1
TOUCH,1
TENDENCY,1
TENDYOUR,1
TENNIS,1
TENT,1
TEST,1
TEXT,1
THAN,1
THESE,1
THANKYOU,1
THAT,1
THEATRE,1
THEN,1
THEORY,1
THERAPY,1
THERE,1
THERMOMETER,1
THANKSGIVING,1
TOTAL,1
TOSSOUT,1
TOSS,1
TORNADO,1
TOPIC,1
TOP,1
TOOTHBRUSH-CA,1
TOOTHBRUSH,1
TOOMUCH,1
TONGUE,1
TOMORROW,1
TOMATO,1
TOILET,1
TOGETHER,1
TODAY,1
THROWAWAY,1
THUNDER,1
THURSDAY,1
TICKET,1
TICKLE,1
TIGER,1
TIME,1
TIMEOUT,1
TOBACCO,1
TIMETOTIME,1
TINY,1
TIRED,1
TIREDOF,1
TISSUE,1
TO,1
TOAGOAL,1
TOAST,1
TIMEPROGRESS,1
ZOO,1
ZIPPER,1
ZERO,1
ZEBRA,1
YUCKY,1
YOYO,1
YOURSELF,1
YOUR,1
YOUNG,1
YOU,1
YESTERDAY,1
YES,1
YELLOW,1
YEAR,1
YEAH,1
VEGETABLE,1
WHERE,1
WHICH,1
WHILE,1
WHIP,1
WHISPER,1
WORLD,1
WORM,1
YAY,1
WORSE,1
WOW,1
WRAP,1
ABOVE,1
WRING,1
WRITE,1
WRITEONWALL,1
WRONG,1
WORRY,1
ACCIDENT,1
AND,1
ANALYZE,1
AMERICA,1
AMAZING,1
ALWAYS,1
ALRIGHT,1
ALPHABET,1
ALONE,1
ALLWAY,1
ALLTOGETHER,1
ALLOVERBODY,1
ALLOVER,1
ALLOFSUDDEN,1
ALLGONE,1
ZOOMIN,1
ACCEPT,1
AFRICA,1
AFTER,1
AFTERNOON,1
AGAIN,1
AGAINST,1
AGE,1
ALLDAY,1
ACCENT,1
AIRPLANE,1
ALARM,1
ALASKA,1
ALCOHOL,1
ALIGN,1
ALITTLEBIT,1
ALL,1
AGENCY,1
WAR,1
WANDER,1
WAND,1
WALRUS,1
WALLET,1
WALL,1
WALK-TIGHTROPE-CL,1
WAITER,1
WAIT,1
W.H.A.T,1
VOTE,1
VOMIT,1
VOLUNTEER,1
VOLLEYBALL,1
VOICE,1
WHEN,1
VERB,1
VERY,1
VERYINTERESTED,1
VEST,1
VIBRATE,1
VIDEOGAME,1
VIDEOPHONE,1
VOCABULARY,1
VILLAGE,1
VIOLIN,1
VISION,1
VISIT,1
VISITOR,1
VISUALIZE,1
VITAMINS,1
VLOG,1
VIEW,1
WHEELCHAIR,1
WHEELBARROW,1
WHEEL,1
WHATEVER,1
WHALE,1
WEWILLSEE,1
WET,1
WEST,1
WELL,1
WEIRD,1
WEIGHT,1
WEIGH,1
WEEKEND,1
WEEK,1
WEDNESDAY,1
WARM,1
WARN,1
WASHDISHES,1
WASHHANDS,1
WASHMACHINE,1
WASTE,1
WATCH,1
WATER,1
WEDDING,1
WATERSKI,1
WAVE,1
WAY,1
WE,1
WEAK,1
WEAR,1
WEATHER,1
WEAVE,1
WATERDROP,1
SLEEP,1
SLAVE,1
SKUNK,1
SKIRT,1
SKIN,1
SKILL,1
SKI-CA,1
SKI,1
SKATE,1
SIX,1
SITUATION,1
SIT,1
SISTER,1
SIREN,1
SINK,1
TEMPTATION,1
SHRIMP,1
SHUTOUT,1
SHY,1
SICK,1
SIDE,1
SIDEBURNS,1
SIGN,1
SINGLEOUT,1
SIGNINGFLUENTLY,1
SIGNLANGUAGE,1
SIGNPAPER,1
SILLY,1
SILVER,1
SINCE,1
SING,1
SINGLE,1
SIGNATURE,1
SON,1
SOMETIMES,1
SOMETHING,1
SOME,1
SOFTBALL,1
SOFT,1
SOFA,1
SODA,1
SOCKS,1
SOCIETY,1
SOCIALIZE,1
SOCIAL,1
SO,1
SNOWSUIT,1
SNOWMAN,1
SLINGSHOT,1
SLIPPER,1
SLOW,1
SMALL,1
SMART,1
SMELL,1
SMELLMONEY,1
SMOKE,1
SNOWBOARD,1
SMOOTH,1
SNAIL,1
SNAKE,1
SNAP,1
SNAPSTICK,1
SNEAKADVENTURE,1
SNOB,1
SNORKEL,1
SMOKING,1
SEESEE,1
SEEM,1
SEE,1
SECRETARY,1
SECRET,1
SEAL,1
SCULPTURE,1
SCULPT,1
SCRUB,1
SCROLLDOWN,1
SCRIPT,1
SCREAM,1
SCRATCH,1
SCOUT,1
SCORE,1
SHOWER,1
SARCASTIC,1
SATURDAY,1
SAUCE,1
SAUSAGE,1
SAVE,1
SAVEMONEY,1
SAXOPHONE,1
SCOOP,1
SCARCELY,1
SCARED,1
SCARMEMORY,1
SCHOOL,1
SCIENCE,1
SCIENTIST,1
SCISSORS,1
SCOLD,1
SCAN,1
MEGAPHONE,1
SHOULD,1
SHOT,1
SHORTWORD,1
SHORTS,1
SHORTPERSON,1
SHORTDISTANCE,1
SHOOTING,1
SHOES,1
SHOCKED,1
SHINY,1
SHIELD,1
SHELF,1
SHEEP,1
SHARE,1
SELECT,1
SELF,1
SELL,1
SENATE,1
SEND,1
SENIORCITIZEN,1
SENSITIVE,1
SEQUENCE,1
SHAPE,1
SETUP,1
SEVEN,1
SEVERAL,1
SEW,1
SHAKESPEARE,1
SHAME,1
SHAMEONYOU,1
SHAMPOO,1
SERIOUS,1
SWALLOW,1
SUSPEND,1
SUSPECT,1
SUSHI,1
SURPRISE,1
SURGERY,1
SURGEON,1
SURF,1
SURE,1
SUPERVISOR,1
SUPERVISE,1
SUPERIOR,1
SUNSET,1
SUNRISE,1
SUNDAY,1
SOPHISTICATED,1
STRIPE,1
STRONG,1
STRUCTURE,1
STRUGGLE,1
STUBBORN,1
STUCK,1
STUDENT,1
SUN,1
STUMBLE,1
SUBTRACT,1
SUCK,1
SUCKTHUMB,1
SUIT,1
SUMMARIZE,1
SUMMER,1
SUMMON,1
STUDY,1
TEMPORARY,1
TEMPERBLOWUP,1
TELL,1
TEETH,1
TEENAGER,1
TECHNOLOGY,1
TEASE,1
TEAR,1
TEAM,1
TEACHER,1
TEA,1
TASTE,1
TAPE,1
TANKTOP,1
TAN,1
SWEARIN,1
SWEAT,1
SWEATPANTS,1
SWEATSHIRT,1
SWEEP,1
SWEET,1
SWEETHEART,1
SWITZERLAND,1
TALKDIRTY,1
SYMPATHY,1
SYSTEM,1
TABLE,1
TABLET,1
TAKE,1
TAKECARE,1
TAKENOTES,1
TAKEPILL,1
SWORD,1
STAFF,1
STADIUM,1
SSHH,1
SQUIRREL,1
SQUEEZE,1
SQUAREIDIOT,1
SQUARE,1
SPRING,1
SPOTSOMETHING,1
SPORTS,1
SPOON,1
SPONTANEOUS,1
SPLASH-CA,1
SPITOUT,1
SPIDER,1
STRING,1
SOPHOMORE,1
SORRY,1
SOUND,1
SOUP,1
SOUR,1
SOUTH,1
SOW,1
SPICY,1
SPACESHIP,1
SPAGHETTI,1
SPAIN,1
SPEAKERS,1
SPECIALIST,1
SPECIFIC,1
SPEND,1
SPENDLOTSOFMONEY,1
SPACE,1
STRICT,1
STRETCH-CA,1
STRESS,1
STREET,1
STRAW,1
STRANGLE,1
STRANGE,1
STRAIGHT,1
STOPWATCH,1
STOP,1
STOMACH,1
STOCKINGS,1
STIR,1
STINK,1
STING,1
STAIRS,1
STAND-UP,1
STAPLER,1
STAR,1
STARBUCKS,1
STARE,1
STARS,1
START,1
STIMULATE,1
STAY,1
STAYAWAKE24HRS,1
STEAK,1
STEAL,1
STEAM,1
STEP,1
STICKY,1
STILL,1
STATE,1
COMPLEX,1
COMPLAIN,1
COMPASS,1
COMMUTE,1
COMMUNITY,1
COMMUNICATION,1
COMMITTEE,1
COMMENT,1
COMFORTABLE,1
COMEOUT,1
COMEHERE,1
COME,1
COLOR,1
COLLEGE,1
COLD,1
ANGEL,1
CLEFTCHIN,1
CLICK,1
CLIENT,1
CLIMBLADDER,1
CLIP,1
CLOSE,1
CLOSEDOOR,1
COINS,1
CLOTHES,1
CLOWN,1
CLUELESS,1
COACH,1
COCACOLA,1
COCAINE,1
COCONUT,1
COFFEE,1
CLOSEEYES,1
CRAZY,1
CRASHPLANE,1
CRASH,1
CRANKY,1
CRACK,1
COWBOY,1
COW,1
COVERUP,1
COUSIN,1
COUNTRY,1
COUNT,1
COUNSELOR,1
COUGH,1
COUCH,1
COST,1
COMPUTER,1
COMPUTERMOUSE,1
CONCEPT,1
CONCERNED,1
CONFIDENT,1
CONFIDENTIAL,1
CONFLICT,1
CONGRATULATIONS,1
CORNER,1
CONSUME,1
CONTACT,1
CONTACTLENS,1
CONTINUE,1
COOK,1
COOKIE,1
COOPERATE,1
COPY,1
CONNECTION,1
CHARACTER,1
CHAOS,1
CHANNEL,1
CHANGE,1
CHANCE,1
CHAMPION,1
CHAMP,1
CHALLENGE,1
CHAIR,1
CHAIN,1
CERTIFICATE,1
CEREAL,1
CENTER,1
CEMETERY,1
CELLPHONE,1
CLEAR,1
CARBATTERY,1
CARDS,1
CAREFUL,1
CAROUSEL,1
CARRY,1
CARVE,1
CASUAL,1
CELERY,1
CATCHBASEBALL,1
CATEGORY,1
CATEPILLAR,1
CATHOLIC,1
CAUGHT,1
CAUSE,1
CEILING,1
CELEBRATE,1
CATAPULT,1
CHOCOLATE,1
CHOKE,1
CHOP,1
CHOPSTICKS,1
CHURCH,1
CHURN,1
CIGAR,1
CHARGE,1
CIRCLE,1
CIRCUSWHEEL,1
CLAP,1
CLASH,1
CLASS,1
CLAUSE,1
CLAW,1
CLEAN,1
CIGARETTE,1
CHARGECARD,1
CHASE,1
CHAT,1
CHEAP,1
CHECK,1
CHEEK,1
CHEER,1
CHINA,1
CHEESEGRATER,1
CHERISH,1
CHEW2MOUTH,1
CHICAGO,1
CHILD,1
CHILDREN,1
CHIMNEY,1
CHIN,1
CHEESE,1
DRAGON,1
DOWNLOAD,1
DOWNHILL,1
DOWN,1
DOUBT,1
DOUBLE,1
DORMITORY,1
DOOR,1
DONUT,1
DONTWANT,1
DONTNEED,1
DONTMIND,1
DONTLIKE,1
DONTKNOW,1
DONTFEELLIKE,1
CREATE,1
DISNEY,1
DISPATCH,1
DISRUPT,1
DISSECT,1
DISSOLVE,1
DISTRACTED,1
DIVE,1
DONTCARE,1
DIVORCE,1
DIZZY,1
DOCUMENT,1
DODO,1
DOESNTMATTER,1
DOLL,1
DOMINANT,1
DONKEY,1
DIVIDE,1
EAST,1
EASEL,1
EARTHQUAKE,1
EARTH,1
EARSUP,1
EARRING,1
EARN,1
EARMUFFS,1
EARLY,1
EAR,1
EACHOTHER,1
EACH,1
DYE,1
DUTY,1
DUMB,1
DRAW,1
DRAWER,1
DREADLOCKS,1
DREAM,1
DRESS,1
DRESSER,1
DRESSUP,1
DRIBBLE,1
DUE,1
DRIP,1
DRIVE,1
DROP,1
DRUG,1
DRUM,1
DRUNK,1
DRY,1
DRYER,1
DRILL,1
DELIBERATE,1
DELEGATE,1
DEGREE,1
DEFLATE,1
DEFEAT,1
DEER,1
DEEP,1
DECLINE,1
DEATH,1
DEALCARDS,1
DEAFSCHOOL,1
DAY,1
DAUGHTER,1
DATE,1
DART,1
DISLIKE,1
CREDITCARD,1
CREWCUT,1
CROCODILE,1
CROSSHEART,1
CROWN,1
CRUMPLE,1
CULTURE,1
DANGER,1
CURIOUS,1
CURLYHAIR,1
CURTAIN,1
CUT,1
CUTREMOVEVID,1
DAMN,1
DANCE,1
DANCER,1
CUP,1
DICE,1
DICTIONARY,1
DIE,1
DIFFERENT,1
DIFFERENTSITUATION,1
DIG,1
DIGUP,1
DELICIOUS,1
DININGROOM,1
DIRECTOR,1
DIRTY,1
DISAGREEMENT,1
DISAPPEAR,1
DISAPPOINT,1
DISCONNECT,1
DISCUSS,1
DILEMMA,1
DELINQUENT,1
DEMOTE,1
DENT,1
DENY,1
DEODORANT,1
DEPARTMENT,1
DEPENDON,1
DIAPER,1
DEPTH,1
DESERT,1
DESIGN,1
DESSERT,1
DESTROY,1
DEVIL,1
DEVOUR,1
DIAMOND,1
DEPRESS,1
AWAY,1
AWARD,1
AWAKE,1
AVOID,1
AVERAGE,1
AUTOMATIC,1
AUSTRALIA,1
AUNT,1
AUDITORIUM,1
AUDIENCE,1
ATTITUDE,1
ATTENTION,1
ATLANTA,1
ATHLETE,1
AT,1
CARACCIDENT,1
APRIL,1
ARCHEOLOGY,1
AREA,1
ARGUE,1
ARIZONA,1
ARMY,1
ARRIVE,1
ASTRONAUT,1
ARTICLE,1
ARTICULATESIGN,1
ASIA,1
ASK,1
ASSEMBLY,1
ASSIGN,1
ASSIST,1
ASSISTANT,1
ART,1
BEARD,1
BEAR,1
BEANS,1
BEANIE,1
BEAK,1
BEACH,1
BATTERY,1
BATHTUB,1
BATHROOM,1
BATH,1
BASIC,1
BASEMENT,1
BASEBALLCAP,1
BASEBALL,1
BARRETTE,1
AWKWARD,1
BABYSITTER,1
BACHELOR,1
BACK,1
BACKOUT,1
BACKUP,1
BACKYARD,1
BACON,1
BARELY,1
BADGE,1
BALANCE,1
BALD,1
BALL,1
BALLOON,1
BANDAGE,1
BANK,1
BAR,1
BAD,1
WHOLE,1
WHO,1
WHITEPERSON,1
WHITE,1
ABBREVIATE,1
A-LINEBOB,1
9OCLOCK,1
8HOUR,1
5DOLLARS,1
1DOLLAR,1
ZOOMOFF,1
AGREEMENT,1
WORKSHOP,1
WRESTLE,1
ANGRY,1
APPOINTMENT,1
ACCOMPLISH,1
ACCORDION,1
ACCOUNTANT,1
ACQUIRE,1
ACT,1
ACTION,1
ACTOR,1
WIFE,1
ADDICT,1
ADDRESS,1
ADMIRE,1
ADMIT,1
ADOPT,1
ADULT,1
ADVANTAGE,1
ADVERTISE,1
ADD,1
WOLF,1
WONDER,1
WOOD,1
WORD,1
WORK,1
WORKOUT,1
ABSOLUTELYNOTHING,1
WHY,1
ANNOUNCE,1
ANSWER,1
ANTLERS,1
ANY,1
ANYONE,1
APART,1
APPEAR,1
APPLE,1
ANIMAL,1
WHYNOT,1
WIDE,1
ACCESS,1
WILL,1
WILLGO,1
WIN,1
WIND,1
WITHOUT,1
WINDOWOPEN,1
WINDY,1
WINE,1
WINK,1
WINTER,1
WISE,1
WISH,1
WITH,1
WINDOW,1
BURN,1
BUN,1
BUMPY,1
BULLSHIT,1
BULLDOZER,1
BULL,1
BUILDING,1
BUG,1
BUFFALO,1
BUDGET,1
BUBBLES,1
BRUSH,1
BROWN,1
BROTHER,1
BRING,1
BEAT,1
BOXING,1
BOY,1
BOYFRIEND,1
BRACELET,1
BRAG,1
BRAIDS,1
BRAILLE,1
BRIGHT,1
BRAINWASH,1
BRAVE,1
BREAD,1
BREAK,1
BREAKTIME,1
BREATHE,1
BRICK,1
BRIDESMAID,1
BRAINSTORM,1
CALM,1
CAMCORDER,1
CAMEL,1
CAMERA,1
CAMERAMAN,1
CAMPING,1
CANADA,1
BURP,1
CANDLE,1
CANNON,1
CANNOT,1
CANOE,1
CAPE,1
CAPTION,1
CAPTURE,1
CAR,1
CANCELLATION,1
BUS,1
BUSINESS,1
BUSTED,1
BUSY,1
BUT,1
BUTTER,1
BUTTERFLY,1
CALLTTY,1
BUY,1
BYE,1
CABINET,1
CAFETERIA,1
CAKE,1
CALCULATOR,1
CALIFORNIA,1
CALLATTENTION,1
BUTTONS,1
BLACKBIRD,1
BLACK,1
BITEONNECK,1
BITEONARM,1
BITCH,1
BISON,1
BIRTHDAY,1
BIRTH,1
BIRD,1
BIOLOGY,1
BINOCULARS,1
BIND,1
BIG,1
BICYCLE,1
BIB,1
BOX,1
BEAVER,1
BECAUSE,1
BECOME,1
BEDROOM,1
BEER,1
BEFORE,1
BEG,1
BETWEEN,1
BEHIND,1
BELL,1
BEND,1
BENEFIT,1
BERRY,1
BEST,1
BET,1
BETTER,1
BEHAVIOR,1
BODY,1
BOILINGMAD,1
BOLT,1
BOMB,1
BONE,1
BOOK,1
BORROW,1
BLAME,1
BOSTON,1
BOTH,1
BOTHER,1
BOTTLE,1
BOTTOM,1
BOUNCE,1
BOWL,1
BOWTIE,1
BOSS,1
BLANK,1
BLANKET,1
BLEED,1
BLESS,1
BLIND,1
BLINK,1
BLOND,1
BOAT,1
BLOOM,1
BLOUSE,1
BLOW,1
BLOWMIND,1
BLUE,1
BLUR,1
BLUSH,1
BOARD,1
BLOOD,1
INNOCENT,1
INJECT,1
INHALE,1
INFLUENCE,1
INFECTION,1
INEPT,1
INDIAN,1
INDEPENDENT,1
INCREDIBLE,1
INCH,1
IN,1
IMPROVE,1
IMPRESS,1
IMPOSSIBLE,1
IMPORTANT,1
EASTER,1
HUNGRY,1
HUNT,1
HURRICANE,1
HURRY,1
HURT,1
HUSBAND,1
HYPOCRITE,1
IMPACT,1
ICECREAM,1
IDEA,1
IDENTITY,1
IF,1
IGNORE,1
ILOVEYOU,1
IMMATURE,1
IMMERSE,1
ICE,1
JEALOUS,1
JAWDROP,1
JAR,1
JAPAN,1
ITCH,1
ITALY,1
ISRAEL,1
ISOLATED,1
ISLAND,1
IPHONE,1
INVITE,1
INVISIBLE,1
INVEST,1
INTUITIVE,1
INTRODUCE,1
INSIDE,1
INSPIRE,1
INSPIRING,1
INSTAGRAM,1
INSTEAD,1
INSTINCT,1
INSTITUTE,1
INSULT,1
INTERVIEW,1
INTELLIGENT,1
INTENTIONAL,1
INTEREST,1
INTERESTED,1
INTERNET,1
INTERPRET,1
INTERPRETER,1
INTERVENE,1
INSURANCE,1
HIGHSCHOOL,1
HIGHLIGHTER,1
HIGHHEELS,1
HIGH,1
HIDE,1
HERE,1
HEN,1
HELP,1
HELLO,1
HELL,1
HEAVY,1
HEAVEN,1
HEARTTOUCH,1
HEARTBODY,1
HEART,1
HUNDRED,1
HARMONICA,1
HARP,1
HATBRIM,1
HATE,1
HAVE,1
HAWAII,1
HE,1
HEARINGAID,1
HEADACHE,1
HEADBACK,1
HEADCOLD,1
HEADGRIND,1
HEADPHONES,1
HEALTH,1
HEAP,1
HEARING,1
HEAD,1
HOP,1
HOPE,1
HORRIBLE,1
HORSE,1
HOSE,1
HOT,1
HOTCOMPETITION,1
HINGE,1
HOTEL,1
HOUR,1
HOUSE,1
HOWL,1
HUG,1
HUMBLE,1
HUMMINGBIRD,1
HUMOR,1
HOTDOG,1
HIS,1
HISTORY,1
HITCHHIKE,1
HOCKEY,1
HOE,1
HOLDACCOUNTABLE,1
HOLDHANDS,1
HOOD,1
HOLIDAY,1
HOLY,1
HOME,1
HOMEWORK,1
HONEST,1
HONGKONG,1
HONK,1
HONOR,1
HOLDTOGETHER,1
LOUSY,1
LOUD,1
LOST,1
LOSEGAME,1
LOSE,1
LOOKLIKE,1
LOOKFORWARD,1
LOOKFOR,1
LOOKBACK,1
LOOKAT,1
LOOKAPPEARANCE,1
LONGWORD,1
LONGTIME,1
LONGLINE,1
LONGAGO,1
JELLY,1
LIGHTSON,1
LIGHTWEIGHT,1
LIKE,1
LIMITED,1
LINE,1
LINGUISTICS,1
LION,1
LONG,1
LIPS,1
LIPSTICK,1
LIST,1
LISTEN,1
LIVINGROOM,1
LOCKER,1
LOLLIPOP,1
LONELY,1
LIPREAD,1
MEETING,1
MEET,1
MEDICINE,1
MEACULPA,1
ME,1
MCDONALDS,1
MAYBE,1
MATH,1
MATCH,1
MASSAGE,1
MASCARA,1
MARRY,1
MARIONETTE,1
MARCH,1
MAPLE,1
LOVE,1
LOYAL,1
LUCK,1
LUCKY,1
LUNGS,1
MACHINE,1
MAD,1
MAGAZINE,1
MANY,1
MAID,1
MAILMAN,1
MAINSTREAM,1
MAJOR,1
MAKE,1
MAKEBELIEVE,1
MAN,1
MANAGE,1
MAGIC,1
LANGUAGE,1
LAND,1
LABEL,1
KNOWNOTHING,1
KNOW,1
KNOCKOFF,1
KNOCK,1
KNEEL,1
KITTEN,1
KITCHEN,1
KISSONCHEEK,1
KISSFIST,1
KING,1
KINDERGARTEN,1
KILL,1
LIGHTNING,1
JELLYFISH,1
JEWELRY,1
JEWISH,1
JIGSAWPUZZLE,1
JOIN,1
JOKE,1
JOURNEY,1
KID,1
JUGGLE,1
JUGGLER,1
JUMP,1
JUMPROPE,1
JUNIOR,1
KEEP,1
KEY,1
KEYBOARD,1
JUDGE,1
LEAVEALONE,1
LECTURE,1
LEFT,1
LEND,1
LESBIAN,1
LESS,1
LESSON,1
LAPTOP,1
LETKNOW,1
LETMESEE,1
LIBRARY,1
LICENSE,1
LIE,1
LIGHT,1
LIGHTCANDLE,1
LIGHTER,1
LETGO,1
LAST,1
LASTWEEK,1
LATE,1
LATER,1
LAUGH,1
LAW,1
LAWNMOWER,1
LEAVE,1
LAYDOWN,1
LAZY,1
LEAD,1
LEAGUE,1
LEAK,1
LEARN,1
LEARNLESSON,1
LEATHER,1
LAWYER,1
FILTER,1
FILM,1
FILLOUT,1
FIGURE,1
FIGHT,1
FIFTH,1
FIANCE,1
FEW,1
FENCING,1
FEEL,1
FEEDBACK,1
FEDUP,1
FEBRUARY,1
FAVORITE,1
FAULT,1
HARDOFHEARING,1
FAIL,1
FAINT,1
FAIR,1
FAKE,1
FALLINGASLEEP,1
FAMILY,1
FAMOUS,1
FAUCET,1
FANTASY,1
FAR,1
FARM,1
FASCINATED,1
FASHION,1
FAST,1
FAT,1
FATHER,1
FAN,1
FORM,1
FORGETFUL,1
FORFEIT,1
FOREST,1
FORBID,1
FOR,1
FOOTBALL,1
FOOL,1
FOND,1
FOCUS,1
FLY,1
FLUTE,1
FLOWER,1
FLOOR,1
FLIPSWITCH,1
FINALLY,1
FINANCE,1
FIND,1
FINGER,1
FINGERSCROSSED,1
FINGERSPELL,1
FINGERSPELLING,1
FINISH,1
FLIPFLOPS,1
FIRE,1
FIRED,1
FIRETRUCK,1
FIRST,1
FISH,1
FIT,1
FIX,1
FLIP,1
FINS,1
ENTER,1
ENOUGH,1
ENJOY,1
ENGLISH,1
ENGINESTART,1
ENGINEER,1
ENGAGEMENT,1
ENERGY,1
ENEMY,1
END,1
EMPHASIS,1
EMPEROR,1
EMOTION,1
EMBARRASS,1
EMAIL,1
FADE,1
EASY,1
EASYTODO,1
ECLIPSE,1
EDGE,1
EFFECT,1
EGG,1
EGGBEATER,1
ELEVEN,1
EGYPT,1
EIGHT,1
EITHER,1
ELECTRICIAN,1
ELECTROCUTE,1
ELEGANCE,1
ELEMENTARYSCHOOL,1
ELEPHANT,1
EGO,1
EXERCISE,1
EXPECT,1
EXPENSIVE,1
EXPERIENCE,1
EXPERIENCED,1
EXPERIMENT,1
EXPERT,1
ENVIRONMENT,1
EXPLODE,1
EXPRESS,1
EYEGLASSES,1
EYES,1
EYESAWAKE,1
EYETURN,1
FACE,1
FACULTY,1
EXPLANATION,1
EQUAL,1
ERASER,1
ESCALATE,1
ESCALATOR,1
ESCAPE,1
EUROPE,1
EVALUATE,1
EXCUSE,1
EVENT,1
EVERYDAY,1
EVERYNIGHT,1
EVERYTHING,1
EVERYYEAR,1
EVIDENCE,1
EXAMPLE,1
EXCITED,1
EVEN,1
GREENBEANS,1
GREEN,1
GREECE,1
GREAT,1
GRAY,1
GRASS,1
GRASP,1
GRANDPARENTS,1
GRANDMOTHER,1
GRANDFATHER,1
GRAMMAR,1
GRADUATESCHOOL,1
GRADUATE,1
GRADE,1
GRAB,1
FORMER,1
GOATEE,1
GOBACKANDFORTH,1
GOD,1
GOINGTHROUGHAHARDTIME,1
GOLD,1
GOLF,1
GONE,1
GOVERNMENT,1
GOODYGOODY,1
GOODYGOODYSHOEOPPOSITE,1
GOOSEBUMPS,1
GORILLA,1
GOSSIP,1
GOTCHA,1
GOTHROUGH,1
GOTOJAIL,1
GOOD,1
HALF,1
HALFHOUR,1
HALL,1
HAMBURGER,1
HAMMER,1
HAMSTER,1
HANDCUFFS,1
GRENADE,1
HANDSOAP,1
HANDSOFF,1
HANG,1
HANGCLOTHES,1
HANUKKAH,1
HAPPEN,1
HAPPY,1
HARD,1
HANDS,1
GRIEVE,1
GRIND,1
GROUP,1
GROW,1
GROWUP,1
GUIDE,1
GUILTY,1
HAIRDRESSER,1
GULLIBLE,1
GUM,1
GYM,1
HABIT,1
HADENOUGH,1
HAHA,1
HAIRCLIPPER,1
HAIRCUT,1
GUITAR,1
FUNCTION,1
FUN,1
FULL,1
FRY,1
FRUSTRATE,1
FRUIT,1
FRONT,1
FROMTHENON,1
FROM,1
FROG,1
FRISK,1
FRINGE,1
FRIENDSNOMORE,1
FRIENDLY,1
FRIEND,1
GOAT,1
FOUL,1
FOUR,1
FOURTH,1
FOX,1
FRACTION,1
FRAME,1
FRANCE,1
FRIDAY,1
FREAKOUT,1
FRECKLES,1
FREE,1
FREEDOM,1
FREEWAY,1
FREEZE,1
FRENCH,1
FRENCHFRIES,1
FRAUD,1
GETINFORMATIONOUTOF,1
GETOFF,1
GETTHROUGH,1
GETTOGETHER,1
GHOST,1
GIFT,1
GIRAFFE,1
FUNNY,1
GIVE,1
GIVEUP,1
GLASSES,1
GLOVE,1
GLOW,1
GO,1
GOAHEAD,1
GOAL,1
GIRL,1
FURNITURE,1
FUTURE,1
FUZZY,1
GALLAUDET,1
GAMBLE,1
GAME,1
GARAGE,1
GETINBED,1
GAS,1
GATE,1
GATECLOSE,1
GAY,1
GENERATION,1
GERMANY,1
GESTURE,1
GET,1
GARLIC,1
