signer_id,split,n,det_rate,two_hand_rate,motion
P28,train,28,0.16071428571428573,0.044642857142857144,0.9487
P13,val,2,0.1875,0.0625,3.365
P41,train,7,0.19642857142857142,0.07142857142857142,0.2763
P44,train,28,0.24553571428571427,0.03571428571428571,1.47945
P18,test,28,0.28125,0.12946428571428573,2.1355
P46,train,28,0.2857142857142857,0.0625,0.9515
P52,train,28,0.30357142857142855,0.17410714285714285,1.5876000000000001
P1,train,28,0.3080357142857143,0.125,1.4328
P51,train,28,0.3080357142857143,0.13392857142857142,1.0964
P29,train,28,0.3125,0.10714285714285714,1.1197
P36,train,28,0.3125,0.0625,2.6386
P24,train,28,0.3169642857142857,0.11607142857142858,1.0022
P2,train,28,0.32142857142857145,0.07142857142857142,1.4576500000000001
P11,train,28,0.32142857142857145,0.13392857142857142,1.60975
P39,val,28,0.32589285714285715,0.11607142857142858,1.9845
P45,train,28,0.33035714285714285,0.19196428571428573,1.6319
P7,train,28,0.33035714285714285,0.07589285714285714,1.5295
P4,train,28,0.33482142857142855,0.14285714285714285,1.9759
P5,val,28,0.3392857142857143,0.15178571428571427,1.5166
P47,test,28,0.34375,0.125,1.21795
P38,train,28,0.35267857142857145,0.125,1.43125
P14,train,28,0.35714285714285715,0.10714285714285714,2.0141
P50,train,28,0.375,0.15625,2.2648
P25,train,28,0.375,0.15178571428571427,1.1152
P15,test,28,0.375,0.14285714285714285,2.0866
P19,train,3,0.375,0.125,2.4343
P9,test,28,0.3794642857142857,0.125,2.2782
P43,train,28,0.38392857142857145,0.14732142857142858,1.046
P33,train,28,0.38392857142857145,0.19642857142857142,2.13275
P42,test,28,0.38392857142857145,0.19642857142857142,1.9541
P48,test,28,0.38839285714285715,0.125,1.8676
P30,train,28,0.39732142857142855,0.16071428571428573,1.9431
P26,val,28,0.4017857142857143,0.13392857142857142,1.78435
P21,val,28,0.40625,0.12053571428571429,1.34485
P37,train,28,0.4107142857142857,0.11607142857142858,1.90145
P27,train,28,0.41517857142857145,0.14732142857142858,1.9045999999999998
P34,train,28,0.41964285714285715,0.21428571428571427,2.4723
P6,test,28,0.42410714285714285,0.13839285714285715,1.8613
P20,train,28,0.42410714285714285,0.14732142857142858,1.7459500000000001
P17,test,28,0.42410714285714285,0.16964285714285715,1.6706
P23,train,28,0.42410714285714285,0.16964285714285715,1.41995
P22,test,28,0.42857142857142855,0.14285714285714285,1.7733
P10,train,28,0.42857142857142855,0.22321428571428573,2.0712
P31,train,28,0.42857142857142855,0.125,3.47485
P32,train,28,0.4330357142857143,0.18303571428571427,2.1168
P3,train,28,0.4375,0.20535714285714285,1.8942
P12,val,28,0.44642857142857145,0.14285714285714285,1.8023500000000001
P49,test,28,0.4642857142857143,0.20089285714285715,1.4695
P40,train,28,0.46875,0.25892857142857145,3.0499
P35,test,28,0.4732142857142857,0.17410714285714285,2.87515
P16,train,28,0.5133928571428571,0.22767857142857142,2.39145
P8,train,28,0.5491071428571429,0.3125,1.71295
