video_file,status,bytes,attempts,error
9486655421389341-FIRST.mp4,cached,341287,0,
9174856064075789-SIT.mp4,cached,505728,0,
8445853412817497-NOSE BLEED.mp4,cached,789890,0,
02018925306549635-A LITTLE BIT.mp4,cached,358122,0,
34994625300305815-STAY.mp4,cached,311220,0,
774643014335272-BINOCULARS.mp4,cached,480341,0,
42981546208191546-SQUARE.mp4,cached,695432,0,
9855148784500478-SOON.mp4,cached,519166,0,
6095627327791597-EMPTY 2.mp4,cached,663834,0,
5669441504120689-ALL WAY.mp4,cached,512733,0,
010850214999561736-CELEBRATE.mp4,cached,761263,0,
7496447065789817-HOTEL.mp4,cached,717107,0,
27262770774597556-CAN.mp4,cached,381263,0,
15890366051589533-APPLE.mp4,cached,460121,0,
031670126370264784-LICK ENVELOPE.mp4,cached,552869,0,
6679139031479595-TUBE TOP.mp4,cached,516506,0,
2814557853552391-PRECIOUS.mp4,cached,587873,0,
5804474557706663-CHIN 2.mp4,cached,702563,0,
004863715759637621-HELMET.mp4,cached,329706,0,
1343829873511997-CALIFORNIA.mp4,cached,1037375,0,
8843925372931778-FLASHLIGHT 3.mp4,cached,781878,0,
852274863060462-PEPSI.mp4,cached,392380,0,
052874934296611054-EUROPE.mp4,cached,653162,0,
516787085039579-WHY NOT.mp4,cached,397796,0,
19749527870729988-CLIENT.mp4,cached,654121,0,
5290373884784241-HATBRIM.mp4,cached,499670,0,
8539244628879097-ABOUT 2.mp4,cached,421923,0,
28645742627606263-AXE 2.mp4,cached,1343019,0,
3108896149851206-DEPTH.mp4,cached,1139443,0,
23247991626849585-GYM.mp4,cached,632086,0,
26604528436164676-BOWLING 2.mp4,cached,341406,0,
7950502065995313-FAULT.mp4,cached,584682,0,
4586501986373326-HOME.mp4,cached,421606,0,
7740108257847211-PRIDE.mp4,cached,446948,0,
16681110982835512-LICK 1.mp4,cached,944908,0,
5071931329705912-CHEW 2.mp4,cached,645626,0,
6576010639886045-GIRL.mp4,cached,365668,0,
8028704230157644-HAPPEN.mp4,cached,1063223,0,
34430075224246837-BAG 2.mp4,cached,409506,0,
21575808056407753-CORNER.mp4,cached,572619,0,
8082621375412273-SPIT OUT.mp4,cached,357336,0,
45613275919189045-DUCK.mp4,cached,1167249,0,
5998700631365634-CAMERA.mp4,cached,425304,0,
7213381501215772-LEAVE ALONE.mp4,cached,585201,0,
3539541476509367-SOAP.mp4,cached,436108,0,
996512226187074-EASY TO_DO.mp4,cached,617487,0,
6880585805336716-FLAG 2.mp4,cached,435173,0,
3986572966680024-MEETING.mp4,cached,1436717,0,
7292482367362085-STAND 2.mp4,cached,636058,0,
5356590751985963-BRIGHT.mp4,cached,394178,0,
9743855332594995-MOP 2.mp4,cached,493644,0,
08034777213813338-SOPHOMORE.mp4,cached,995619,0,
061750911557350685-ALCOHOL.mp4,cached,379004,0,
4150910745199128-SCOOP.mp4,cached,536944,0,
4872502911936374-STRETCH 1.mp4,cached,655454,0,
6029451769485379-GRAPES.mp4,cached,474861,0,
2849775584391827-DESSERT.mp4,cached,465306,0,
2935799876191909-FORM.mp4,cached,1106815,0,
9214405974294881-DREADLOCKS.mp4,cached,418268,0,
9533248897839621-BETWEEN.mp4,cached,617999,0,
5956139983741693-PLEASE.mp4,cached,489510,0,
3565718036435941-SOMERSAULT.mp4,cached,1471678,0,
8221969382671432-SCOLD.mp4,cached,556491,0,
09553222336557976-HANDSOME 3.mp4,cached,492222,0,
10496504067219159-TOURNAMENT.mp4,cached,476129,0,
6777068978717664-ROCKET 1.mp4,cached,538600,0,
3605583978799616-MINIMUM.mp4,cached,602225,0,
7538688004095606-MISUNDERSTAND.mp4,cached,315877,0,
17693535746396538-EITHER.mp4,cached,387334,0,
06395508002745842-SNORKEL.mp4,cached,604927,0,
7809503445047001-BREAKFAST.mp4,cached,510822,0,
01290530886067165-PARENTS.mp4,cached,424510,0,
04233817642169213-DONT KNOW.mp4,cached,464512,0,
9888762305099419-DOUBLE.mp4,cached,636752,0,
8082644399729977-DORMITORY.mp4,cached,1146652,0,
038446216989295845-WIDE.mp4,cached,641654,0,
48764434217377106-TEACHER.mp4,cached,419260,0,
755031246904718-LET KNOW.mp4,cached,392485,0,
6227924595575061-UPLOAD.mp4,cached,364992,0,
11495417287006338-PULL CONVINCE.mp4,cached,997576,0,
44178831586926837-MOSQUITO.mp4,cached,637674,0,
9846111472715839-RIDE 2.mp4,cached,432433,0,
2865880121599427-HALF HOUR.mp4,cached,1371226,0,
9229236586644618-SARCASTIC.mp4,cached,358140,0,
748383999888639-DINING ROOM.mp4,cached,526479,0,
7495533920750443-FLAG.mp4,cached,632973,0,
010491997198803782-SEE SEE.mp4,cached,513602,0,
5785099037486217-CLOSE EYES.mp4,cached,438553,0,
20219847289059545-STUPID 1.mp4,cached,337675,0,
05000362015724513-TWO WEEKS.mp4,cached,481011,0,
5687279295950145-ABOUT 2.mp4,cached,1164563,0,
9763122886582376-BIND.mp4,cached,510808,0,
021178261738775683-LICK ENVELOPE_2.mp4,cached,996570,0,
08427564057948222-FLOAT.mp4,cached,739577,0,
001428415918161674-IMPROVE.mp4,cached,622372,0,
5880724478842327-PARANOID.mp4,cached,730284,0,
9670696859371226-BODY.mp4,cached,444223,0,
6922066006329073-DANCER.mp4,cached,547007,0,
9740758611731273-LOOK LIKE.mp4,cached,749811,0,
5117619310612302-MAPLE.mp4,cached,1688160,0,
7698688743700464-BOARD.mp4,cached,993404,0,
8736526627821839-EXPRESS.mp4,cached,338041,0,
42092177013799237-CEMETERY.mp4,cached,637773,0,
16793906083710386-LETTUCE 2.mp4,cached,460088,0,
7791424980867376-GOOD.mp4,cached,350064,0,
33927198866118635-SCRIPT.mp4,cached,489209,0,
6613113262064576-BOTTOM.mp4,cached,552250,0,
37542279833186454-STINK.mp4,cached,574169,0,
5163303323951169-ROCK.mp4,cached,344076,0,
749256686029846-LEAVE.mp4,cached,384873,0,
6053145428088884-OPEN.mp4,cached,1159900,0,
4520498201410337-BACKPACK.mp4,cached,511233,0,
31550032829167884-TRUCK 2.mp4,cached,333103,0,
26945502704397617-GIRAFFE.mp4,cached,482115,0,
7436623508280409-DIAPER.mp4,cached,475558,0,
6150062095177353-UPLOAD.mp4,cached,454053,0,
5575092774239518-FEED 2.mp4,cached,452530,0,
6343693205934693-SHORT WORD.mp4,cached,547763,0,
45271353642946033-PIZZA CUTTER.mp4,cached,646544,0,
3056302859196467-STRAWBERRY 2.mp4,cached,412909,0,
09828820324881482-PRACTICE.mp4,cached,570194,0,
03616283033219392-PHYSICS.mp4,cached,413304,0,
305921157426585-BLOW.mp4,cached,501690,0,
4747516197868804-SKIN.mp4,cached,374304,0,
807497670016361-CAKE.mp4,cached,407225,0,
022354983429386133-CHAMP.mp4,cached,587462,0,
21344274764159632-ANYONE.mp4,cached,517464,0,
3667327710276649-DEER.mp4,cached,537769,0,
47254428321033815-NOT MIND.mp4,cached,876489,0,
12044852047433174-INSTITUTE.mp4,cached,671780,0,
42865044409237596-UNCERTAIN.mp4,cached,464371,0,
04625975589048403-SOCCER 2.mp4,cached,312010,0,
490309511901436-HONK.mp4,cached,405423,0,
38009642185937564-CURTSEY 2.mp4,cached,444668,0,
09512172323348755-REMOVE.mp4,cached,333519,0,
0837225606034755-WATER SKI.mp4,cached,520839,0,
35455702192899774-LEARN.mp4,cached,449365,0,
7539638497657919-TOSS.mp4,cached,605349,0,
03369501517929252-PROPOSE.mp4,cached,677930,0,
19251166827026056-STRAWBERRY.mp4,cached,391789,0,
48604078466345424-NEXT.mp4,cached,500387,0,
44939873429204336-CEMETERY.mp4,cached,608357,0,
23960171827240861-WHISTLE.mp4,cached,385681,0,
3784745408237076-MILK.mp4,cached,333292,0,
6579643332523333-DISNEY.mp4,cached,589474,0,
6956446129755143-FLIP SWITCH.mp4,cached,342140,0,
7477453605531588-FEEL.mp4,cached,361792,0,
6286630509591475-CERTIFICATE.mp4,cached,397455,0,
19039558672419843-WHEN.mp4,cached,366995,0,
7448818785190525-CAPTURE.mp4,cached,536977,0,
7502738277577992-ALARM.mp4,cached,375496,0,
30621099215646885-FLAG.mp4,cached,441388,0,
16264087730273102-REMOVE.mp4,cached,463979,0,
3406521362861936-DRYER.mp4,cached,522054,0,
30558124517083196-LONG AGO.mp4,cached,672011,0,
8700779332488509-EGG BEATER.mp4,cached,536885,0,
49288220098651747-DOG.mp4,cached,530679,0,
5087612535042978-FIGHT.mp4,cached,421144,0,
9055897783856317-DIFFERENT.mp4,cached,563526,0,
13159646710732065-NAVY.mp4,cached,372952,0,
47546125188749744-SQUARE.mp4,cached,928398,0,
5650868043704504-NINE.mp4,cached,428564,0,
40025411478786954-BOWTIE.mp4,cached,472358,0,
18825624699541077-CRY 3.mp4,cached,1003329,0,
555557057295545-RESIGN.mp4,cached,564365,0,
7054741400093962-WILL GO.mp4,cached,621374,0,
8040555041132331-TRIM 2.mp4,cached,727926,0,
25714874269115295-BLOOM.mp4,cached,389323,0,
02808154918358552-PEACOCK.mp4,cached,658124,0,
7316392299762329-WATERDROP.mp4,cached,525664,0,
04054371959979797-CENTER.mp4,cached,355246,0,
6790164094062809-SHAVE 4.mp4,cached,762233,0,
2141395102507424-SARCASTIC.mp4,cached,488812,0,
2612656121658259-GOLD.mp4,cached,627548,0,
3666834642627286-ASTRONAUT.mp4,cached,601526,0,
24758144482774802-WHO.mp4,cached,336101,0,
8212971647934255-SIGN PAPER.mp4,cached,553525,0,
1904873815978978-PILLOW 3.mp4,cached,623945,0,
5811864245474216-WHISPER.mp4,cached,842116,0,
8916774360115496-FINS.mp4,cached,718353,0,
4565859971790316-WALL.mp4,cached,305175,0,
5973578983221044-HAMSTER.mp4,cached,368455,0,
8790279150116067-ALL.mp4,cached,535612,0,
6287079618715046-BETWEEN.mp4,cached,526316,0,
5497508630223635-ALL TOGETHER.mp4,cached,443622,0,
1676037390807208-GREET.mp4,cached,743211,0,
7232130288023519-HARMONICA.mp4,cached,621979,0,
30815259237743664-WINDOW.mp4,cached,518438,0,
6833260084540722-STRAWBERRY 2.mp4,cached,551200,0,
38149155339177043-MEAN 1.mp4,cached,527246,0,
019727237235516837-OCTOPUS.mp4,cached,500465,0,
5751192926488522-POTATO.mp4,cached,674451,0,
8025431070005722-ADVERTISE.mp4,cached,472509,0,
35219813299833724-EYES AWAKE.mp4,cached,679654,0,
35179633539022714-ARCHEOLOGY.mp4,cached,596073,0,
3810281455305067-SLINGSHOT.mp4,cached,588837,0,
10738275775367034-DROP.mp4,cached,428191,0,
010432200517740853-ALL DAY.mp4,cached,536798,0,
08694365369994972-WELCOME.mp4,cached,432403,0,
8096128850912345-VASE.mp4,cached,486965,0,
8514466788298789-STORY 2.mp4,cached,465833,0,
2644534224610522-MOTORCYCLE.mp4,cached,461795,0,
08091812466088366-SENIOR CITIZEN.mp4,cached,522601,0,
41980765299643896-LINE.mp4,cached,412830,0,
9743425494824138-SWORD.mp4,cached,469983,0,
6597986411171235-SKIN.mp4,cached,303831,0,
3707142118611746-MEA CULPA.mp4,cached,534466,0,
44574021400878805-HOLD TOGETHER.mp4,cached,462072,0,
5680509348047644-WASH 1.mp4,cached,470156,0,
40405734671318805-BUT.mp4,cached,396229,0,
8764310647431719-DROWN 4.mp4,cached,484786,0,
3553839371878009-LUNCH.mp4,cached,586938,0,
19555143420060128-DESERT.mp4,cached,471592,0,
5232855079818777-WASH 1.mp4,cached,576936,0,
6943777071046873-PLATFORM.mp4,cached,515462,0,
8344447734565208-OWN.mp4,cached,403796,0,
5589083628708851-SURGERY.mp4,cached,544003,0,
6984219857516545-DINNER 2.mp4,cached,359948,0,
658547069240617-SWALLOW.mp4,cached,384965,0,
9660722441175273-KNOW.mp4,cached,339043,0,
21823547164671253-DORMITORY.mp4,cached,368530,0,
707849793047042-TOP.mp4,cached,433469,0,
2988419768251245-ENVELOPE.mp4,cached,511981,0,
6763688669120533-HOLD 2.mp4,cached,529629,0,
9549894242903887-CAMCORDER.mp4,cached,522898,0,
6359168168399791-STACK.mp4,cached,513243,0,
23421385935048922-STAY.mp4,cached,538016,0,
9853094630259003-A LITTLE BIT.mp4,cached,366822,0,
30580085699561765-MIND TURNED.mp4,cached,567736,0,
059544061711185536-BOW 2.mp4,cached,415482,0,
6380007697228789-BANANA 4.mp4,cached,562282,0,
9692887591234911-RIDE 1.mp4,cached,486916,0,
45570169792125337-CHIMNEY.mp4,cached,556122,0,
4052172247333312-MEAT.mp4,cached,552526,0,
16258110248572089-STRESS.mp4,cached,490015,0,
18890991904023569-BRICK.mp4,cached,529409,0,
6816940223298953-TEACH.mp4,cached,550319,0,
3221478565629188-PEANUT BUTTER.mp4,cached,495304,0,
27053453929701443-SELF.mp4,cached,491935,0,
9526180645276527-MAPLE.mp4,cached,524415,0,
8075636170068727-MEGAPHONE.mp4,cached,543280,0,
5025175662912476-FIT.mp4,cached,289934,0,
3772519822120497-BAT 1.mp4,cached,570702,0,
24716742512501555-FORK 4.mp4,cached,510404,0,
5586203147728446-FOLD.mp4,cached,397646,0,
9846579401543398-OPTION.mp4,cached,516201,0,
22162621053334486-SAXOPHONE.mp4,cached,464159,0,
699504082678422-GESTURE.mp4,cached,524259,0,
1297137006151603-BEARD.mp4,cached,513067,0,
2951366960825246-COOL 5.mp4,cached,1102454,0,
5739517401420167-SOMERSAULT 2.mp4,cached,575110,0,
7314175455278578-CITY 2.mp4,cached,576872,0,
7338422160028957-TOUCH.mp4,cached,929024,0,
8051591014458779-YUCKY.mp4,cached,526128,0,
33862989862667203-SMART.mp4,cached,486309,0,
5922184346134158-STUMBLE.mp4,cached,621916,0,
6878225845673043-GOD.mp4,cached,361409,0,
27440062785659736-SNEAK ADVENTURE.mp4,cached,651978,0,
25342203817340914-CEMETERY.mp4,cached,565595,0,
2403200169934374-FRUIT.mp4,cached,345804,0,
3461616334585582-CAT.mp4,cached,305684,0,
5754567070291534-EXPERIENCED.mp4,cached,853525,0,
688679913120271-BUDGET.mp4,cached,464966,0,
664062330171346-BULLSHIT.mp4,cached,412401,0,
3667496042411382-US.mp4,cached,422411,0,
852430932507646-MELT.mp4,cached,472468,0,
5233007014342965-FOREIGNER 2.mp4,cached,601656,0,
4278679986788423-TOAST.mp4,cached,503902,0,
5350834216995568-SCOLD.mp4,cached,333536,0,
6826258161065177-JUICE 2.mp4,cached,377586,0,
1539889041911875-NIECE.mp4,cached,436760,0,
3074137796806018-LICK 2.mp4,cached,529871,0,
11796615994529458-CUT 1.mp4,cached,440568,0,
25295405922217484-SSHH.mp4,cached,246381,0,
9125765686624716-WINDMILL 2.mp4,cached,484095,0,
2784088169530947-SQUEEZE.mp4,cached,441143,0,
5271337915127323-BETWEEN.mp4,cached,432741,0,
43906920357718193-FUNNY.mp4,cached,388092,0,
7528199913527911-GRANDFATHER.mp4,cached,475792,0,
7269716313708894-GUITAR.mp4,cached,681580,0,
6132938796324525-SPAIN.mp4,cached,702791,0,
6946908145086745-WITCH.mp4,cached,738669,0,
024323154983688866-FINS.mp4,cached,677513,0,
1557496585220337-CONFIDENT.mp4,cached,432696,0,
6996725403158537-PROMISE.mp4,cached,568437,0,
38338333055385543-KISS.mp4,cached,448895,0,
2976572701080633-TOY 3.mp4,cached,504016,0,
11663723478466692-PAPER.mp4,cached,597235,0,
025750019893586273-CIGAR.mp4,cached,560025,0,
2769869558821827-GOOSEBUMPS.mp4,cached,692447,0,
4694459057886864-PSYCHOLOGIST.mp4,cached,583920,0,
23189453067526755-CAMPING.mp4,cached,655945,0,
047472429761362234-BEAT.mp4,cached,491883,0,
8426184502813288-LIVING ROOM.mp4,cached,485151,0,
04148362333157696-RAZOR.mp4,cached,774462,0,
1541688885627015-SHOVEL.mp4,cached,685062,0,
4628193900204982-FAMILY.mp4,cached,582923,0,
13649581059317928-WRING.mp4,cached,849056,0,
5361592700937574-SUSPEND.mp4,cached,531537,0,
08144085517709909-CONTACT.mp4,cached,543476,0,
1686358584355776-BIOLOGY.mp4,cached,707760,0,
7821106037118901-PILL.mp4,cached,553717,0,
9632849776833439-SWEATPANTS.mp4,cached,628249,0,
2375926766805545-SURGEON.mp4,cached,701916,0,
983866031425525-HOTEL.mp4,cached,719166,0,
48663065192488286-GONE.mp4,cached,780735,0,
8715834463781462-CLOUD 4.mp4,cached,565327,0,
08581765593382995-AND.mp4,cached,574558,0,
28936570496303693-CURTAIN.mp4,cached,613850,0,
3260021777465052-UPSET.mp4,cached,556410,0,
41219248540666786-PLAYGROUND.mp4,cached,671627,0,
4179194955314036-UPSET 1.mp4,cached,362588,0,
7516760417598645-HERE.mp4,cached,316050,0,
7514958791255617-HEAR 2.mp4,cached,471978,0,
2363946724780117-BATHROOM.mp4,cached,377487,0,
4484137705537934-WOLF.mp4,cached,534972,0,
9919162985874896-THINGS.mp4,cached,429725,0,
21805340389552041-ONE.mp4,cached,534541,0,
02089045608184814-RESEARCH 2.mp4,cached,359450,0,
2856172151834002-SPAGHETTI.mp4,cached,558500,0,
3890024773524303-FROM.mp4,cached,394399,0,
6239479578306266-MUST.mp4,cached,397913,0,
3986527119882757-OPERATE MACHINE.mp4,cached,393449,0,
2556909729887695-CROSS 2.mp4,cached,423118,0,
9863333527681413-BIND.mp4,cached,423861,0,
17578216510347966-NIGHT 2.mp4,cached,408592,0,
5142856534999343-LIVE.mp4,cached,390160,0,
5961846166759068-QUEEN.mp4,cached,418865,0,
024897946104871505-SHAVE 4.mp4,cached,523394,0,
051943333783201595-SHAME.mp4,cached,373218,0,
2841573416884082-PARENTS.mp4,cached,472121,0,
4501369047747459-GRAY.mp4,cached,404505,0,
8539817083950729-KISS FIST.mp4,cached,392254,0,
9106334650498322-PEG 2.mp4,cached,421980,0,
8954385001170695-MONEY 2.mp4,cached,346045,0,
2613483374354193-CHEAT 1.mp4,cached,265681,0,
3252030670454542-HAPPEN.mp4,cached,447015,0,
3078108961994581-BANANA.mp4,cached,426534,0,
8910337639697272-DRAW.mp4,cached,476514,0,
851295603065974-BRAIDS.mp4,cached,464892,0,
329077968430902-MICROSCOPE 3.mp4,cached,344857,0,
9779830169420081-RECENT 2.mp4,cached,291391,0,
6595545521331994-DROWN 4.mp4,cached,270415,0,
6350533209462139-BEG.mp4,cached,218611,0,
6314699471076366-RHINO 3.mp4,cached,202384,0,
032199626229625355-INTERVIEW.mp4,cached,264021,0,
13670023646306428-PLAN.mp4,cached,27329,0,
030382519275116593-GLOVE.mp4,cached,341301,0,
9127680318757301-CATEPILLAR.mp4,cached,488539,0,
8769697933584131-SEAL.mp4,cached,245532,0,
22096800930230853-TAKE PILL.mp4,cached,378301,0,
17500941424357896-MENTION.mp4,cached,269194,0,
44964320032500793-WINK.mp4,cached,125317,0,
1486827487330742-DIVORCE.mp4,cached,346437,0,
4847783295177295-BULLSHIT.mp4,cached,305393,0,
8618976665727696-GOOD.mp4,cached,431753,0,
5414347966687401-GIVE.mp4,cached,293368,0,
8861945363093837-DRIVE.mp4,cached,320744,0,
874219888165608-GONE.mp4,cached,321462,0,
1376153948003629-WAR.mp4,cached,291229,0,
9583244272122073-TIE UP_1.mp4,cached,280108,0,
7316117821107353-FIX.mp4,cached,207461,0,
24482889897013416-SHOULD.mp4,cached,573897,0,
7916911196504697-CROCODILE.mp4,cached,192738,0,
7813551932676803-CASTLE 4.mp4,cached,344088,0,
5809228474046126-GLOVES 2.mp4,cached,306396,0,
35453002868935335-WANT.mp4,cached,586883,0,
8784779987144364-LEARN LESSON.mp4,cached,359104,0,
4959112726356285-DEFLATE.mp4,cached,626808,0,
7883149705967814-PEAS 1.mp4,cached,535321,0,
14955544431282153-STEP.mp4,cached,165236,0,
28075513256747153-COMPLAIN.mp4,cached,511333,0,
22339821928230474-LIPREAD.mp4,cached,595245,0,
9016572992958496-SLIPPER.mp4,cached,327957,0,
23716182400796115-IMAGINE 2.mp4,cached,607593,0,
8476556944963114-LEARN LESSON.mp4,cached,587593,0,
7562211123461775-GOODY GOODY_SHOE_OPPOSITE.mp4,cached,732745,0,
6315359849863915-FOLD 2.mp4,cached,582062,0,
19837414249369867-MEXICAN 2.mp4,cached,790999,0,
07122475596334255-STUPID 2.mp4,cached,492358,0,
24987375037364457-CLASH.mp4,cached,628521,0,
24565159688139726-SHOVEL 2.mp4,cached,690924,0,
6321261628710224-EARRING.mp4,cached,595676,0,
7907164374520792-PUMPKIN.mp4,cached,574987,0,
5185900259146874-GREET 2.mp4,cached,695058,0,
6516440506718324-ARGUE.mp4,cached,674359,0,
08943176805099551-FAINT.mp4,cached,604670,0,
38944618159202227-PUBLIC.mp4,cached,625584,0,
27997886070919753-CHERRY.mp4,cached,671273,0,
801881959346038-DRIP.mp4,cached,628346,0,
17557107972668984-THROW.mp4,cached,564830,0,
7300374909571312-TWINS 2.mp4,cached,583331,0,
5745447946200066-ZIPPER.mp4,cached,762929,0,
07263724798158067-OK.mp4,cached,564187,0,
17863384977805907-INTENTIONAL.mp4,cached,512807,0,
0918681566359909-COUCH 1.mp4,cached,465319,0,
25819043365766126-WHITE.mp4,cached,588406,0,
27610587173529866-CAMCORDER.mp4,cached,565368,0,
7529315993704004-SHAKE 2.mp4,cached,637954,0,
5881133915386045-STRAIGHT.mp4,cached,536629,0,
14486467848103057-HEAD.mp4,cached,518950,0,
17395467594443925-ASSIST.mp4,cached,485417,0,
4954934997721179-DEDICATE 1.mp4,cached,619921,0,
48540607008190073-PINCH.mp4,cached,509464,0,
11676508689979648-BASEBALL CAP.mp4,cached,711848,0,
4416671657767606-TRANSGENDER.mp4,cached,575273,0,
011760337448920799-DELEGATE.mp4,cached,505438,0,
5741595928657854-CATEPILLAR.mp4,cached,540398,0,
3691812206957721-HIS.mp4,cached,573089,0,
22980047894924005-ROW.mp4,cached,711715,0,
46851973820760406-HURRY.mp4,cached,584883,0,
3790665114648748-CHILD.mp4,cached,521938,0,
6204917158835743-THIS-IT.mp4,cached,574773,0,
285009674417388-CHEEK.mp4,cached,547450,0,
6454413791940905-WADE.mp4,cached,727940,0,
8983882573815225-CURLY HAIR.mp4,cached,534208,0,
5791886678990987-NECKLACE 2.mp4,cached,554481,0,
8798347617281868-DRUG.mp4,cached,503472,0,
7522733686088139-CONDUCT 3.mp4,cached,586790,0,
5300105912697515-SNOWBOARD.mp4,cached,557424,0,
05274277385875825-PAGE.mp4,cached,723006,0,
8055738811755428-ROLL.mp4,cached,626274,0,
10893572964272669-FENCE.mp4,cached,624992,0,
9274712811907311-CHRISTMAS 2.mp4,cached,564859,0,
5828744081737898-HOT COMPETITION.mp4,cached,528663,0,
41173718406987536-ROUGH.mp4,cached,481212,0,
9707979892503713-PET.mp4,cached,541203,0,
909744160097419-STRAWBERRY 4.mp4,cached,463707,0,
07633341897365775-ARM 2.mp4,cached,543553,0,
816562513264363-MEXICAN 2.mp4,cached,400335,0,
6933082288931305-PET 2.mp4,cached,504144,0,
5040135043820821-FRINGE.mp4,cached,466837,0,
03576929796159822-PARACHUTE 2.mp4,cached,610517,0,
5468797197403967-SUCK.mp4,cached,498416,0,
9979074205020877-FLAG 2.mp4,cached,517129,0,
5623747348948838-CORKSCREW.mp4,cached,623712,0,
07953850215657421-DOLL.mp4,cached,430387,0,
14991994807763365-WANT 2.mp4,cached,545061,0,
36921482672854067-SCOOP.mp4,cached,691340,0,
35602501719585966-NECKLACE 4.mp4,cached,570277,0,
0736334414323001-WANT.mp4,cached,516926,0,
3794839118389779-SURE.mp4,cached,309862,0,
7809450194110517-BOXING.mp4,cached,563932,0,
99991643961242-ENTER.mp4,cached,365849,0,
9387720840122951-PICK 2.mp4,cached,564472,0,
5087208567483212-BED 2.mp4,cached,631629,0,
1653849129928131-HOUR.mp4,cached,444337,0,
8609484892057226-PASS OUT.mp4,cached,479725,0,
2699433875314887-FAN.mp4,cached,547418,0,
5592587158720241-HEAVY.mp4,cached,571384,0,
5152555138873871-RELAX.mp4,cached,652099,0,
7121020621449585-NOT YET.mp4,cached,483252,0,
005769659701755803-HOOD.mp4,cached,425547,0,
6519376771182877-TAKE CARE.mp4,cached,591007,0,
60747246290653-HOTEL.mp4,cached,491623,0,
5240119414964028-GUN.mp4,cached,363954,0,
3328601746648887-JUNIOR.mp4,cached,488511,0,
9980534066008455-DRIP.mp4,cached,541654,0,
8144507474855118-GAY.mp4,cached,375230,0,
6072522325444725-PROGRAM.mp4,cached,519817,0,
14972443306910987-SAILBOAT.mp4,cached,737445,0,
9176096487640504-DRESSER.mp4,cached,383523,0,
8129039218162171-FRIENDS NO_MORE_1.mp4,cached,315762,0,
6866629955836938-SLED 2.mp4,cached,498018,0,
5442805404389628-PLAIN.mp4,cached,381742,0,
5981004851899525-TRIPLE.mp4,cached,477523,0,
7441792940149969-ACCENT.mp4,cached,466569,0,
6834910213736938-FOUR.mp4,cached,466058,0,
5748285380978266-WHITE.mp4,cached,452068,0,
09174610448819931-REMOVE.mp4,cached,470685,0,
058999595010684525-STAND.mp4,cached,611555,0,
7553645418515984-QUEEN.mp4,cached,527948,0,
839212640735971-FORK 3.mp4,cached,496290,0,
06103272779446778-TO A_GOAL.mp4,cached,466493,0,
11657460636087569-BACK OUT.mp4,cached,343317,0,
12640693977123374-WHAT FOR 3.mp4,cached,420033,0,
09875475127812638-VAMPIRE.mp4,cached,437627,0,
41336773179443553-SQUIRREL.mp4,cached,346667,0,
7828985429104123-THERAPY.mp4,cached,450290,0,
00968363951887996-BLACKBIRD.mp4,cached,467737,0,
1255607463856745-COMB 2.mp4,cached,543666,0,
4149842585494192-AUTISM.mp4,cached,576646,0,
28791918942913153-HOSPITAL.mp4,cached,356784,0,
805539638418231-SHARK 2.mp4,cached,578941,0,
15753838199844616-SNORKEL.mp4,cached,370145,0,
4108374953228524-ASSIST.mp4,cached,321473,0,
3226681636511832-BAT 1.mp4,cached,400402,0,
5478703794235356-GRANDFATHER.mp4,cached,361513,0,
047235574670296376-NEGATIVE.mp4,cached,480829,0,
8818692246347306-TIME TO_TIME.mp4,cached,498265,0,
9069768452013343-CUP.mp4,cached,329229,0,
2596651129021579-LOCKER.mp4,cached,585985,0,
27827419291378597-SYSTEM.mp4,cached,293610,0,
506681769364016-WHISTLE.mp4,cached,284758,0,
4262602892542837-WHEEL.mp4,cached,529483,0,
11609820861260678-GREAT.mp4,cached,337537,0,
4065631392847162-CURL 2.mp4,cached,609558,0,
9450953555335202-LOOK FOR.mp4,cached,375536,0,
3941506181751844-INTUITIVE.mp4,cached,594984,0,
6678333514547103-RUN.mp4,cached,340228,0,
8909498308332211-ROUGH.mp4,cached,555622,0,
2798196533224553-PARK.mp4,cached,332755,0,
7261947630331318-CONFUSED 2.mp4,cached,665963,0,
3317999021135587-WHALE.mp4,cached,564602,0,
176638679135259-SALT.mp4,cached,291703,0,
1975707963298099-INTELLIGENT.mp4,cached,1257099,0,
6821341497024629-TOY 3.mp4,cached,404440,0,
29704943869452016-5 DOLLARS.mp4,cached,311501,0,
27132753275576826-BUTTER.mp4,cached,380018,0,
906863324262768-OOH.mp4,cached,482759,0,
8426325091539166-LOOK BACK.mp4,cached,468021,0,
3218922032497944-FRAME.mp4,cached,321100,0,
7490351593392472-BORED 2.mp4,cached,554270,0,
6979230117295063-EXPERIENCED.mp4,cached,535202,0,
393358906917596-WET.mp4,cached,433995,0,
35128043524759334-STORY 2.mp4,cached,937923,0,
35128051881399136-SHOULDER 2.mp4,cached,454572,0,
4031271538153476-FRINGE.mp4,cached,611068,0,
7774461863936801-LEMON 2.mp4,cached,900649,0,
3492528032474007-ACQUIRE.mp4,cached,497729,0,
13932747491897324-NOT UNDERSTAND.mp4,cached,611440,0,
9330448975243035-DIVE.mp4,cached,899288,0,
18216346929203842-DUE.mp4,cached,373193,0,
39732214770379026-EVENT.mp4,cached,1364866,0,
0737606061047138-FORK 4.mp4,cached,489489,0,
2716308980795006-CHEEK.mp4,cached,688263,0,
2340241990298375-THEATRE.mp4,cached,508298,0,
30879866054162264-RAISIN.mp4,cached,509117,0,
3245865454392025-EMPEROR.mp4,cached,478949,0,
8570864956852386-BELIEVE.mp4,cached,829027,0,
2317095680191732-CRANKY.mp4,cached,460284,0,
19762578655236762-TRACTOR.mp4,cached,553497,0,
717983049133144-SYSTEM.mp4,cached,551613,0,
5481020321682286-SHOOTING.mp4,cached,548019,0,
7779340907944723-BACKYARD.mp4,cached,520860,0,
26034382896433184-DEATH.mp4,cached,394965,0,
010524094853455734-FUNCTION.mp4,cached,525857,0,
10742868261760363-FAR.mp4,cached,734096,0,
8118255695101648-REPLACE.mp4,cached,675907,0,
7423185776105756-OVERWHELMED.mp4,cached,847142,0,
5127366345735016-CATCH BASEBALL.mp4,cached,860347,0,
25607543181339754-EIGHT.mp4,cached,458920,0,
5649500289608069-AUNT.mp4,cached,386981,0,
45494105303329446-GULLIBLE.mp4,cached,407245,0,
009935710795037966-DONT CARE.mp4,cached,591320,0,
13508495109299656-TIME TO_TIME.mp4,cached,520861,0,
16453891474644244-COUNTRY.mp4,cached,532386,0,
2677320449271332-BUILDING.mp4,cached,470469,0,
587855363585368-CHEAP.mp4,cached,609142,0,
5010277506765106-THROW 2.mp4,cached,480213,0,
059297171340684685-TYPE 2.mp4,cached,443206,0,
4230517548202062-TINY.mp4,cached,431530,0,
06943596435697019-SHARP 2.mp4,cached,364293,0,
31040648882762367-INTERPRET.mp4,cached,477775,0,
2404786212034853-SOMERSAULT 2.mp4,cached,571154,0,
9187249050641424-WONDER.mp4,cached,541740,0,
7941809161745765-PINEAPPLE 3.mp4,cached,465188,0,
9055893563639139-ANIMAL.mp4,cached,523876,0,
1061222091228593-POSITIVE.mp4,cached,455808,0,
30631094827175676-PUBLIC.mp4,cached,375918,0,
5428285583666379-FILL OUT.mp4,cached,513189,0,
3560362845851712-EVIDENCE.mp4,cached,1146934,0,
4313899152640328-DOLL.mp4,cached,573030,0,
6611543337662256-STOPWATCH.mp4,cached,398932,0,
9521376433888893-TINY.mp4,cached,494239,0,
29008898923773474-FOOL.mp4,cached,579848,0,
8701500917368665-SANDWICH 4.mp4,cached,510778,0,
19200164932132258-PERSPECTIVE.mp4,cached,500076,0,
3329640333539472-FORMER.mp4,cached,286332,0,
2546649452021257-FIREMAN 2.mp4,cached,357071,0,
779270116068951-SMOKE.mp4,cached,909074,0,
04531232133700658-BOIL.mp4,cached,407764,0,
5779414003559247-HOWL.mp4,cached,646619,0,
5193493546558337-BOW 4.mp4,cached,504627,0,
5485517768380099-RESPECT.mp4,cached,442678,0,
5496218468598357-THIRD 2.mp4,cached,474071,0,
005486008937211517-KISS 3.mp4,cached,562937,0,
34003540415247-BOTHER.mp4,cached,465014,0,
2860874683723693-DIP 2.mp4,cached,511264,0,
8051227351884445-FRIENDS NO_MORE_1.mp4,cached,264798,0,
8692811075073006-SNAP STICK.mp4,cached,645941,0,
6673307168136524-BRICK.mp4,cached,389039,0,
6249265333085945-DONT NEED.mp4,cached,501111,0,
44882715272655305-SHOOT.mp4,cached,277766,0,
10957746383709255-MEDITATE 3.mp4,cached,452542,0,
01747536629977131-HIT 2.mp4,cached,373713,0,
23211372703953126-QUALITY.mp4,cached,462287,0,
039912185883166806-GIRAFFE.mp4,cached,663937,0,
3550392767477606-COME HERE.mp4,cached,367597,0,
8346890378933758-TYPE.mp4,cached,458855,0,
13495894286304289-GET OFF.mp4,cached,508568,0,
9020241855207596-TEXT.mp4,cached,348578,0,
43850886882252116-RING.mp4,cached,784369,0,
07560434947963057-DECIDE.mp4,cached,699278,0,
7892565684904602-BASEBALL.mp4,cached,644507,0,
758767557802164-STRANGLE.mp4,cached,419897,0,
654918035865115-REMIND.mp4,cached,342058,0,
8952118356894752-NETWORK.mp4,cached,431207,0,
9366544131853969-SPIDER.mp4,cached,465150,0,
8755135402821113-JUDGE.mp4,cached,727404,0,
15210514391491414-TOY 3.mp4,cached,366549,0,
37214725621113587-AFTER.mp4,cached,409030,0,
345583791808616-BUILDING.mp4,cached,647661,0,
9470610987308501-SWEAR IN.mp4,cached,425371,0,
9040051793524237-ANALYZE.mp4,cached,434419,0,
1393491593629712-WRITE ON_WALL.mp4,cached,679966,0,
4905356638303713-SUBTRACT.mp4,cached,552060,0,
6522978607836498-SOCCER 2.mp4,cached,727328,0,
5524838166656827-UPSET 1.mp4,cached,456557,0,
7512768954786226-REMEMBER 2.mp4,cached,518769,0,
9421543652220579-SLINGSHOT.mp4,cached,411900,0,
757280056166729-BLINDS 1.mp4,cached,774518,0,
6877292269537021-CHANCE.mp4,cached,627476,0,
018267844648954812-INFECTION.mp4,cached,422180,0,
2669958341475147-TOOTHBRUSH.mp4,cached,663304,0,
2773918184617812-HISTORY.mp4,cached,422381,0,
5434373870685856-SARCASTIC.mp4,cached,593003,0,
7765696801587338-PANTS 2.mp4,cached,674196,0,
3361636904356675-CONFLICT.mp4,cached,211572,0,
4011222472705527-FINANCE.mp4,cached,428859,0,
742342157322158-SIGN.mp4,cached,531930,0,
4383640919613434-HAMMER.mp4,cached,542246,0,
4590326601471184-OPERATE MACHINE.mp4,cached,576680,0,
5504349554292862-CHOP.mp4,cached,545459,0,
6525872000407231-GIVE.mp4,cached,462646,0,
8625931236128983-TRIANGLE.mp4,cached,649497,0,
26554711285709987-PET 2.mp4,cached,627542,0,
8658917739965404-HOLY.mp4,cached,517441,0,
7243206978076484-FEEL.mp4,cached,581441,0,
15507246363531402-TRUTH.mp4,cached,513473,0,
5968075883322883-DRUM.mp4,cached,645757,0,
727498759215023-CAR BATTERY.mp4,cached,543270,0,
9023537490328555-LION.mp4,cached,668104,0,
9605403754890867-PUNCH FACE.mp4,cached,774568,0,
050737758048283066-CHEESE.mp4,cached,638387,0,
48573729120857245-CUT 1.mp4,cached,484006,0,
37101452545488844-STIMULATE.mp4,cached,676667,0,
07278924081909288-SLIP.mp4,cached,552831,0,
3069924527137442-STETHOSCOPE 4.mp4,cached,541817,0,
9267756174185333-USE.mp4,cached,620457,0,
5465824135998696-CRUMPLE.mp4,cached,526195,0,
13137434883346333-GOODY GOODY.mp4,cached,888860,0,
9344502427310482-ERASE 4.mp4,cached,896539,0,
37845700568862717-WORSE.mp4,cached,896983,0,
11410437838123944-TOWEL.mp4,cached,731476,0,
08490097279805808-ACCENT.mp4,cached,773579,0,
2739545184180101-TUBE TOP.mp4,cached,1063858,0,
22151412384834845-STAPLER.mp4,cached,1014946,0,
5538288174206061-DIFFERENT.mp4,cached,784677,0,
2483902459491516-JUGGLER.mp4,cached,800285,0,
03939301224865832-ARMY.mp4,cached,761638,0,
7468467023479382-BITE ON NECK.mp4,cached,801770,0,
3255443246485876-ALL OF_SUDDEN.mp4,cached,396257,0,
3382560479288117-GLOW.mp4,cached,534755,0,
05872954283088094-STOPWATCH.mp4,cached,634043,0,
1257229740442749-ONE.mp4,cached,634529,0,
7607090615698329-AGENCY.mp4,cached,948081,0,
9191190263080842-INSIDE.mp4,cached,913646,0,
1430667747091987-BANDAID.mp4,cached,872798,0,
1596543216308992-PLANT.mp4,cached,832890,0,
013670101276912927-STRAIN 2.mp4,cached,861077,0,
7856949677720131-BETTER.mp4,cached,422906,0,
8968694159235124-SAUCE.mp4,cached,771787,0,
7866967514545402-VISIT.mp4,cached,1489992,0,
4173382688138636-PAGEANT.mp4,cached,882431,0,
12975537483137067-EXPERT.mp4,cached,738719,0,
5795217194277364-CURL.mp4,cached,1291532,0,
2950155137984676-AUNT.mp4,cached,582853,0,
8253844758485249-FORK 4.mp4,cached,984122,0,
7252710785099001-EMPTY.mp4,cached,701034,0,
37298881254315974-MOUSE.mp4,cached,1155553,0,
10878458349393139-WITCH 2.mp4,cached,953408,0,
30595440731440093-PINEAPPLE 3.mp4,cached,874115,0,
10967909428786782-SANDWICH 2.mp4,cached,953134,0,
45528286458817235-HOLD ACCOUNTABLE.mp4,cached,982441,0,
20889177562039807-HONEY 1.mp4,cached,414782,0,
7572158547174597-HAD ENOUGH.mp4,cached,782498,0,
2224891269486613-HELMET.mp4,cached,1335529,0,
050364485120873326-YES.mp4,cached,1658851,0,
7470769375854367-CAMPING.mp4,cached,1148769,0,
37264589996632025-SWIM 2.mp4,cached,1061708,0,
018856090817386928-LAST WEEK.mp4,cached,1179318,0,
12086989993131292-CASTLE 2.mp4,cached,1084012,0,
6084947240531422-FURNITURE.mp4,cached,968495,0,
8721833911036878-SUBTRACT.mp4,cached,891313,0,
8112046137026094-WASH HANDS.mp4,cached,1191490,0,
1380864475175092-LEAVE.mp4,cached,846705,0,
5668554006802771-PROOF.mp4,cached,1149912,0,
23325243527362427-SCULPTURE.mp4,cached,1035637,0,
5731680073234551-SIT.mp4,cached,1207290,0,
2215504926132208-DEDICATE 2.mp4,cached,1228986,0,
27348331626333633-LIGHTS ON.mp4,cached,1364119,0,
739283887361468-LIVING ROOM.mp4,cached,1168948,0,
31905724451245576-WIDE.mp4,cached,1038284,0,
36163787483265875-FISHING 2.mp4,cached,1109396,0,
2700658056363756-FUZZY.mp4,cached,1175367,0,
5227746277679197-LUNCH.mp4,cached,879500,0,
487230059518593-GENERATION.mp4,cached,987303,0,
9148705103234003-CURTSEY 1.mp4,cached,1157548,0,
5823440181027557-CHEERLEADER.mp4,cached,964775,0,
19862147081286285-STRESS.mp4,cached,1118814,0,
7827167414330105-SCAN.mp4,cached,595132,0,
9232966419158455-FORM.mp4,cached,787154,0,
24767290279241916-WHEEL.mp4,cached,824314,0,
08921898720730481-WASH FACE_2.mp4,cached,688549,0,
1450341846445946-WILL.mp4,cached,1040370,0,
53978014924093-PLOW.mp4,cached,1042639,0,
3032066598240126-MODEL 2.mp4,cached,883947,0,
7578829439834385-DRAG.mp4,cached,604929,0,
6689516415039916-DINING ROOM.mp4,cached,631467,0,
12182154918733556-NECKLACE 2.mp4,cached,675829,0,
9183489260287057-GRADUATE SCHOOL.mp4,cached,667505,0,
7591468319033796-STUCK.mp4,cached,627107,0,
9957174056735818-ICE.mp4,cached,617698,0,
6700164273736211-DEPRESS.mp4,cached,1068619,0,
34766944211365813-NEXT TO.mp4,cached,672081,0,
9652092264345256-MOP.mp4,cached,1480119,0,
09255709495802078-PLOW 2.mp4,cached,551647,0,
8320036795386736-SNOWSUIT.mp4,cached,776078,0,
9987577953873454-VLOG.mp4,cached,575531,0,
18638607717808386-THINK OBSESS.mp4,cached,686996,0,
5150129874642921-HOODIE 1.mp4,cached,615051,0,
8914399445795747-REFRIGERATOR.mp4,cached,691885,0,
372047697852099-BURY 1.mp4,cached,607288,0,
06756947281854742-KICK.mp4,cached,831910,0,
32856875079358927-BOTH.mp4,cached,556501,0,
4350915588511477-ANGEL.mp4,cached,559910,0,
8283977272549146-US.mp4,cached,593066,0,
2967927583161576-CAPE.mp4,cached,664941,0,
047595395336926805-TICKLE.mp4,cached,604070,0,
560166013298945-CALM.mp4,cached,800362,0,
2659315132690123-THIEF 2.mp4,cached,393313,0,
12406400434709686-DRAG.mp4,cached,601214,0,
1873480487563428-SHY.mp4,cached,504132,0,
5606056445428191-YAWN 3.mp4,cached,610332,0,
6699399373187926-PLUG 2.mp4,cached,591452,0,
696940195955664-HAIR 2.mp4,cached,847295,0,
541748559500123-FIRED.mp4,cached,525893,0,
7614628544042368-ENGINEER.mp4,cached,675146,0,
5184056351148685-GLASS 2.mp4,cached,556739,0,
05517506531728045-QUARTER.mp4,cached,645621,0,
9409335332982465-CHEW 2.mp4,cached,790611,0,
2692293506290748-AUNT.mp4,cached,560687,0,
00017673589179367788-OPINION 1.mp4,cached,663314,0,
7208324617605038-STAR.mp4,cached,543916,0,
31420820801211313-HAIRCUT.mp4,cached,743435,0,
9303413047721956-BLINK.mp4,cached,727280,0,
9704008172172962-PEN.mp4,cached,509246,0,
8630644173768907-WHAT FOR.mp4,cached,465537,0,
29950528019321676-MEDITATE 3.mp4,cached,507120,0,
4408860384381912-HAD ENOUGH.mp4,cached,459818,0,
0713137684139642-POLICEMAN 2.mp4,cached,552194,0,
806007991311084-UMBRELLA.mp4,cached,558146,0,
7640003074948891-BOWTIE.mp4,cached,515169,0,
2898575205735108-NUT.mp4,cached,451714,0,
8907590297918404-LESSON.mp4,cached,510449,0,
2838122836795578-SUSPENDERS 2.mp4,cached,419391,0,
22359151638273378-SURGEON.mp4,cached,695264,0,
944625109900574-CLOUD.mp4,cached,606851,0,
7641377252718362-FRIENDLY.mp4,cached,421765,0,
1950169438794669-POWER.mp4,cached,677137,0,
8815602855619156-CANDLE.mp4,cached,526951,0,
231622906532283-RESPECT.mp4,cached,379586,0,
9503407328753102-WINDMILL 2.mp4,cached,478583,0,
7940687292855915-BOAT.mp4,cached,485308,0,
7274963623472752-BUSY.mp4,cached,443526,0,
997954721971535-GUITAR.mp4,cached,770267,0,
5146453858504663-HITCHHIKE.mp4,cached,559166,0,
9119089584743578-WATER SKI.mp4,cached,605207,0,
763533172470803-MY.mp4,cached,516001,0,
9559670026678313-ZIPPER.mp4,cached,497235,0,
09828950745075504-WIFE.mp4,cached,448488,0,
4401481526745743-KID.mp4,cached,452998,0,
07550237967516482-NAME.mp4,cached,434466,0,
28473618954601276-HUMOR.mp4,cached,562618,0,
3807392403933183-DECORATE 2.mp4,cached,653606,0,
5787844095877386-FALL 2.mp4,cached,399819,0,
43064645973867144-BORED 2.mp4,cached,620293,0,
1517359740656592-CATAPULT.mp4,cached,584524,0,
9022647882602894-EXCUSE.mp4,cached,469441,0,
5936998846934827-DAY.mp4,cached,418014,0,
5946445520317383-SET UP.mp4,cached,545445,0,
4508341798030795-WEAR.mp4,cached,376912,0,
3496459990981846-SARCASTIC.mp4,cached,605609,0,
7812619709131703-STRIPE.mp4,cached,530511,0,
8914696973773033-PREFER.mp4,cached,530055,0,
5395339411835125-NEWSPAPER.mp4,cached,429323,0,
45681021228600605-LIFT 2.mp4,cached,551212,0,
5315681575640829-GRAPES 2.mp4,cached,467596,0,
7724235446142758-TAKE PILL.mp4,cached,522276,0,
11253304596671598-WIFE.mp4,cached,407698,0,
09734878070308994-PINK.mp4,cached,372389,0,
9858325161708861-HAPPY.mp4,cached,496283,0,
37276206216745744-COME OUT.mp4,cached,488202,0,
25122941989560554-PEACH.mp4,cached,386615,0,
20032450550143444-CAPTURE.mp4,cached,413446,0,
9615892409510356-CAMCORDER.mp4,cached,453783,0,
9202711012693181-SLEEP.mp4,cached,575038,0,
37353150802687796-DEDICATE 2.mp4,cached,622265,0,
11173376429977999-JACKET 2.mp4,cached,464147,0,
5730224927631586-PSYCHOLOGY.mp4,cached,463427,0,
43660769524074494-TURKEY.mp4,cached,440545,0,
26457211156373295-FADE.mp4,cached,428621,0,
8358916356218851-VERB.mp4,cached,397547,0,
09714329486323847-NO.mp4,cached,295951,0,
21287998395941665-DRY.mp4,cached,523749,0,
1499127026337388-PARACHUTE 3.mp4,cached,470685,0,
9202276549000159-MOUSE.mp4,cached,351901,0,
8809577301056204-TUBE.mp4,cached,451555,0,
9484684824521701-BOW.mp4,cached,526930,0,
20072447667273896-FIFTH.mp4,cached,569859,0,
08723629719960146-MEXICAN 2.mp4,cached,415140,0,
4381525865125082-WILL.mp4,cached,436164,0,
3073298450723829-STETHOSCOPE 3.mp4,cached,741214,0,
27103389535111955-DRINK 2.mp4,cached,631501,0,
9997755331158287-GET IN_BED.mp4,cached,476946,0,
9840276388705085-MOUTH.mp4,cached,354550,0,
36266006490335845-OVER.mp4,cached,409266,0,
3240164926826339-LEAVE ALONE.mp4,cached,362784,0,
950812287551968-AUTISM.mp4,cached,560143,0,
3882694619137228-FAN.mp4,cached,572562,0,
17845066103140805-TRIANGLE.mp4,cached,447897,0,
052260060033033406-SHORT DISTANCE.mp4,cached,432574,0,
988917436163661-GAMBLE.mp4,cached,448670,0,
7669129569150939-BEANIE.mp4,cached,503369,0,
12301657845922032-BRAIDS.mp4,cached,600219,0,
6335100605902133-HANDS.mp4,cached,490902,0,
37886354312700066-MAILMAN.mp4,cached,618058,0,
5873797561084939-SCARF 4.mp4,cached,503433,0,
6696729548384996-SCARED.mp4,cached,398361,0,
7931661907085596-SO.mp4,cached,420450,0,
21371864723567402-TOOTHBRUSH-CA.mp4,cached,660675,0,
7112618786564238-SPLASH-CA.mp4,cached,616884,0,
2619284696045212-8 HOUR.mp4,cached,488714,0,
09145147438730139-SHOULDER 2.mp4,cached,551397,0,
475276350175186-DYE.mp4,cached,424859,0,
9802753357268721-THEY.mp4,cached,374112,0,
6380028861423857-BOTH.mp4,cached,522646,0,
16745478139443915-POLICEMAN 2.mp4,cached,480766,0,
9162869371858511-SILVER.mp4,cached,858193,0,
9769961961457541-DRY.mp4,cached,285735,0,
38731487247930807-THEY.mp4,cached,1028887,0,
33848562795713755-ERASE 5.mp4,cached,583619,0,
7221236148216204-CAPTION.mp4,cached,971743,0,
09353167989999389-SANDWICH 2.mp4,cached,501249,0,
9640764607502863-CLOCK 2.mp4,cached,1115932,0,
1493429103533752-LISTEN.mp4,cached,1170713,0,
5764316574897619-POPCORN.mp4,cached,855758,0,
5946779511503464-CREAM.mp4,cached,696826,0,
9078273779600274-HAIR.mp4,cached,991542,0,
9190825531319848-LOYAL.mp4,cached,916277,0,
8686832123486647-SUIT.mp4,cached,525006,0,
5931370711991422-MASSAGE.mp4,cached,566363,0,
582530237600686-STACK 2.mp4,cached,1172408,0,
30407183385042-CHEW 3.mp4,cached,915280,0,
2833230118635093-LOOK BACK.mp4,cached,1118021,0,
21863319205081932-INNOCENT.mp4,cached,695781,0,
330062612654491-SHEEP.mp4,cached,891791,0,
674051280092625-ACCENT.mp4,cached,1188414,0,
88497293720018-STRONG.mp4,cached,865495,0,
9273333376529236-NOTHING.mp4,cached,1076875,0,
16870669316247833-THANK YOU.mp4,cached,815134,0,
651423502031681-BLUR.mp4,cached,897020,0,
32681982705136003-CROSS HEART.mp4,cached,783879,0,
6826511820169445-PRIDE.mp4,cached,979054,0,
5426301216016656-BACKYARD.mp4,cached,959120,0,
6802013998699374-WARN.mp4,cached,720187,0,
24442962392359258-SCHOOL.mp4,cached,862652,0,
14107936727280213-MY.mp4,cached,973958,0,
8708977267616693-IMPRESS.mp4,cached,764943,0,
8886786484140352-BIRTH.mp4,cached,1247725,0,
74408615022445-ENGINEER.mp4,cached,848392,0,
5518966801659471-FLIP SWITCH.mp4,cached,632430,0,
7959391441418424-RING.mp4,cached,853617,0,
8295120858461442-SENTENCE.mp4,cached,684442,0,
5856207685229631-HORRIBLE.mp4,cached,754807,0,
8383737923390566-PEN.mp4,cached,626608,0,
19717125244640954-BITE ON NECK.mp4,cached,859519,0,
6045778841848166-HOLIDAY.mp4,cached,799734,0,
4916288732826961-EMPEROR.mp4,cached,878341,0,
8696594886501936-DRYER.mp4,cached,757474,0,
0909056403412476-MOVE.mp4,cached,619533,0,
3501114521914035-SHIELD.mp4,cached,737832,0,
0179216982597179-REALLY.mp4,cached,558520,0,
2041637296504244-FORK 3.mp4,cached,888744,0,
744085755815288-COOL.mp4,cached,884660,0,
17395163507734912-PARENTS.mp4,cached,1173772,0,
639491564888611-BUSINESS.mp4,cached,764308,0,
4442176056213012-ACT.mp4,cached,646889,0,
20095685301135524-MUSTACHE.mp4,cached,753830,0,
9241123360684247-HELMET 2.mp4,cached,1115600,0,
22542058100647333-MUSIC.mp4,cached,805316,0,
7034505248866334-HAMBURGER.mp4,cached,759584,0,
36721619673427-LATER.mp4,cached,517726,0,
07681342997376661-EYE TURN.mp4,cached,691596,0,
5070650488093082-PLOW.mp4,cached,829694,0,
44864710765134386-ROAD.mp4,cached,615273,0,
12606031724124622-POLICEMAN.mp4,cached,617904,0,
35728857036118145-SAFE.mp4,cached,577109,0,
703831493724637-EARTH.mp4,cached,655855,0,
6096795736324836-MUST.mp4,cached,526833,0,
746884857630183-DICTIONARY.mp4,cached,661684,0,
7885377545712717-INTEREST.mp4,cached,748273,0,
39878139372685606-EXPERIMENT.mp4,cached,1124941,0,
05452686760821068-TEXT.mp4,cached,628885,0,
21345201266496527-BOOTS.mp4,cached,670502,0,
9163747512650042-SHARPEN 2.mp4,cached,1249385,0,
4885294701538685-GOING THROUGH_A_HARD_TIME.mp4,cached,631727,0,
9416708401380642-CONTINUE.mp4,cached,712705,0,
9710533280846911-SEND.mp4,cached,507537,0,
009252570300134266-FOREIGNER.mp4,cached,778586,0,
823110623400116-WANT.mp4,cached,773025,0,
5564949705093372-RADIO.mp4,cached,465270,0,
7651660691924158-RUSH.mp4,cached,579131,0,
2580996150082284-BEHAVIOR.mp4,cached,556111,0,
06509153784135058-CHEAT 1.mp4,cached,590510,0,
8053447797575675-POUR 2.mp4,cached,635569,0,
3264895447576619-TYPE.mp4,cached,958376,0,
3747268223377356-ART.mp4,cached,1415738,0,
8300296493288641-JACKET 4.mp4,cached,797440,0,
7170327719525225-INSPIRE.mp4,cached,1284722,0,
49931904838459795-SINCE.mp4,cached,587983,0,
4614534315577101-NOW.mp4,cached,759508,0,
9734355985344116-FRECKLES.mp4,cached,704567,0,
7535449770372906-THANK YOU.mp4,cached,751042,0,
7890015206813448-VIOLIN.mp4,cached,982594,0,
8491923630160707-PRICE.mp4,cached,809544,0,
40587436280803746-STOMACH.mp4,cached,640667,0,
02417596973931868-FRISK.mp4,cached,1007393,0,
25204780191133236-LIVE.mp4,cached,671966,0,
33397002745583126-SOUTH.mp4,cached,989834,0,
16319399751609986-5 DOLLARS.mp4,cached,726950,0,
5725425588178272-SPECIAL.mp4,cached,468536,0,
7636955763773909-WRING.mp4,cached,815208,0,
05695606807895759-ACCOMPLISH.mp4,cached,1110454,0,
5408830817600472-CALL 2.mp4,cached,461537,0,
4954862894641283-HOLD TOGETHER.mp4,cached,791064,0,
5985361886447882-WHITE PERSON.mp4,cached,538397,0,
9991005724389694-RETIRE.mp4,cached,504068,0,
6663708012671183-COLD.mp4,cached,399949,0,
17309586344618877-VIDEOPHONE.mp4,cached,1045527,0,
25802117645943423-HELLO.mp4,cached,681175,0,
6473611679417244-FRAUD.mp4,cached,859943,0,
25878375376675744-GLUE 1.mp4,cached,501889,0,
7771974331423925-PEAS 2.mp4,cached,954875,0,
4033702656472984-FINGER.mp4,cached,424938,0,
3817227123636109-STRESS.mp4,cached,964281,0,
5630292120705906-TURKEY.mp4,cached,1084895,0,
04775838309812985-BUS.mp4,cached,490610,0,
11257232622740987-SOFA.mp4,cached,480366,0,
5872467669891628-RAIN.mp4,cached,624899,0,
6132597016107686-BOWTIE.mp4,cached,795241,0,
609569691552732-BLOW CANDLE_2.mp4,cached,305546,0,
2734257436398633-DIAPER.mp4,cached,1073111,0,
496888220083215-FORK 3.mp4,cached,775354,0,
6077814039488578-CHARACTER.mp4,cached,1070322,0,
052702652975922915-ALIGN.mp4,cached,523963,0,
18793028836248604-BULLSHIT.mp4,cached,541109,0,
5479591188349886-DEDICATE 2.mp4,cached,513564,0,
09975897706725734-SLICE.mp4,cached,641624,0,
11089375050930084-PASS.mp4,cached,511848,0,
9859158369118783-ELEVATOR.mp4,cached,983530,0,
753813922780795-CALCULATOR.mp4,cached,583308,0,
17195855615886702-SCULPT.mp4,cached,593945,0,
15043865087852604-FED UP.mp4,cached,506423,0,
09947880888502714-WHISPER.mp4,cached,826994,0,
12988528828085255-FLUTE.mp4,cached,949351,0,
16815794343609958-BALD.mp4,cached,977332,0,
922987513731234-PRIORITY.mp4,cached,492521,0,
8335502012159159-FRUIT.mp4,cached,431133,0,
7978966409741841-PROXIMALIZATION.mp4,cached,534214,0,
7562077282774307-FASHION.mp4,cached,670805,0,
24987533018892472-CANCELLATION.mp4,cached,443977,0,
7382460351716511-ARRIVE.mp4,cached,583698,0,
8178271536533821-SOPHOMORE.mp4,cached,580060,0,
991249196158916-LOCKER.mp4,cached,417819,0,
2935343968735329-LIKE.mp4,cached,420355,0,
1860612395462249-SURE.mp4,cached,382650,0,
9695555294102203-CAREFUL.mp4,cached,514771,0,
6701575476354089-FANTASY.mp4,cached,487111,0,
563153197682775-TOGETHER.mp4,cached,623600,0,
7515537092527524-LOBSTER 2.mp4,cached,501275,0,
4034293946540164-RULER.mp4,cached,561009,0,
7646621786777874-WATERDROP.mp4,cached,847828,0,
5231461868423759-RELIEF.mp4,cached,521766,0,
9383785162459717-PET 2.mp4,cached,716131,0,
9971842464887584-CHEAT 2.mp4,cached,918999,0,
07677923853061919-CHEW 2_MOUTH.mp4,cached,790991,0,
2538090255412251-TWO OF_US.mp4,cached,642829,0,
13923543055899334-HANDS.mp4,cached,383503,0,
2155045647013336-WANT.mp4,cached,799344,0,
7880576174636196-ARRIVE.mp4,cached,845226,0,
34952771770204594-FRENCH.mp4,cached,748183,0,
8243103392208047-PARACHUTE 2.mp4,cached,825828,0,
7049486497272253-CIRCLE.mp4,cached,465637,0,
6247620625980512-GUN.mp4,cached,742658,0,
4820386899802842-GLOVES 4.mp4,cached,922684,0,
680969676407533-YEAH.mp4,cached,736637,0,
668834896300053-WRISTWATCH 3.mp4,cached,532965,0,
381603803230792-TOY 3.mp4,cached,630125,0,
1155659769676356-BLOW CANDLE_1.mp4,cached,1163771,0,
8232025417450308-SWEATER 3.mp4,cached,781579,0,
417959141690339-NURSE.mp4,cached,829429,0,
636454238836496-WHAT FOR 3.mp4,cached,827566,0,
9081054201663847-FURNITURE.mp4,cached,491143,0,
5036416015440501-DOLPHIN 2.mp4,cached,742050,0,
8246379548921741-SIGN LANGUAGE.mp4,cached,771997,0,
46918670233616866-MINIMUM.mp4,cached,617854,0,
9374851420106798-CROSS 3.mp4,cached,798310,0,
7512417128553919-CANADA.mp4,cached,893555,0,
30198323651905024-TV.mp4,cached,794172,0,
5962124960214392-FINALLY.mp4,cached,790431,0,
2120391418867087-DUCK 2.mp4,cached,887899,0,
26468837300724535-LINE.mp4,cached,804912,0,
5529327143293021-SHARPEN 1.mp4,cached,1184474,0,
021939327153324584-HOW.mp4,cached,607056,0,
7224794356191944-NUT 2.mp4,cached,603073,0,
8956498621741975-ENOUGH.mp4,cached,659294,0,
0002600716749214804-VOMIT.mp4,cached,862488,0,
2636353493952026-RUN FAUCET.mp4,cached,833735,0,
3197143275512784-BLINDS 2.mp4,cached,736710,0,
1855007642976274-RHINO 3.mp4,cached,1025281,0,
0039102073224548395-KNIGHT 3.mp4,cached,1057326,0,
428654908524865-BABY 2.mp4,cached,766416,0,
1121203339848611-DOG 3.mp4,cached,970508,0,
9976902462568114-STRAIN 1.mp4,cached,1259954,0,
699706148016493-TEACH.mp4,cached,696716,0,
15446609739485972-DART.mp4,cached,843974,0,
1157236965732582-CHEW 3.mp4,cached,1054498,0,
9355514719707188-HELICOPTER.mp4,cached,704145,0,
17322728087787298-NEEDLE.mp4,cached,1152134,0,
15538032490862563-SHOCKED.mp4,cached,768439,0,
5121938237753831-DUCK.mp4,cached,606903,0,
09022684017311744-SKUNK.mp4,cached,699818,0,
9978106876097432-DECIDE 2.mp4,cached,823870,0,
9263802470826215-PEG 3.mp4,cached,822640,0,
9502956975879617-DOWNLOAD.mp4,cached,1077599,0,
46997855785181764-PENNY.mp4,cached,572026,0,
52090552114496-SHARPEN 3.mp4,cached,1470948,0,
38431420653235215-CHEER.mp4,cached,1334506,0,
10603992896642866-METAL.mp4,cached,616108,0,
5010987691531066-ARRIVE.mp4,cached,1567202,0,
8682292643334819-DEDICATE 1.mp4,cached,1837813,0,
7265533909120991-THIRD.mp4,cached,1736405,0,
5070742913300796-DOLPHIN 2.mp4,cached,1567680,0,
08873177858861414-WALK-TIGHTROPE-CL.mp4,cached,1116715,0,
7540645130532506-GOODY GOODY.mp4,cached,1730350,0,
8515925536918127-SHAKE.mp4,cached,1901688,0,
31442256788375733-TRASH.mp4,cached,1995330,0,
3048894822134831-RUN FAUCET.mp4,cached,1657556,0,
5843989467729442-DEER.mp4,cached,1763138,0,
5357960741782899-SINCE.mp4,cached,614533,0,
8949971034293978-KICK.mp4,cached,1104136,0,
582467512336287-8 HOUR.mp4,cached,1165532,0,
5673235029946362-ALRIGHT.mp4,cached,3217186,0,
5241537220175312-SHORTS.mp4,cached,1756585,0,
8236466213724152-FIREMAN 2.mp4,cached,1647553,0,
6494706655585136-CLOCK.mp4,cached,995495,0,
9564337508135821-SPREAD 1.mp4,cached,1568682,0,
8391935060115663-DIP 3.mp4,cached,1696599,0,
39053677749051974-DESERT.mp4,cached,2166749,0,
6255697193088565-WADE.mp4,cached,1959631,0,
9291101663880403-FOLLOW 3.mp4,cached,1854801,0,
2772104093277128-PLIERS.mp4,cached,1828723,0,
6228149183873317-LEAF 2.mp4,cached,998958,0,
6313889644327697-ISLAND.mp4,cached,3470519,0,
5186016958980995-DONKEY.mp4,cached,1033520,0,
48845369592543153-GARLIC.mp4,cached,1677303,0,
7680797390430718-FILL OUT.mp4,cached,1915732,0,
9475658580958672-HOMEWORK.mp4,cached,1861108,0,
3037369286672158-SAIL 2.mp4,cached,1160564,0,
9100430227499803-WISE.mp4,cached,1611563,0,
9560351458182348-EXPERIMENT.mp4,cached,750831,0,
7594759997530014-HOLD.mp4,cached,588296,0,
9855721969050792-FRINGE.mp4,cached,885937,0,
46810575724228576-PIPE 3.mp4,cached,759667,0,
28415075610750007-SHARK 2.mp4,cached,790926,0,
09787478510762249-HIT 2.mp4,cached,674829,0,
6500857784369816-SMILE 2.mp4,cached,686121,0,
0575717984434605-TURKEY.mp4,cached,668666,0,
14150356074507697-THIRD 2.mp4,cached,645021,0,
3461444849734634-BALD.mp4,cached,687442,0,
41282936517113966-DEFEAT.mp4,cached,988533,0,
350096531353697-COMMUNICATION.mp4,cached,749255,0,
42254856641617433-LIGHTER.mp4,cached,704062,0,
7716548381055142-FORK 4.mp4,cached,682195,0,
010330168492314051-HAPPEN.mp4,cached,625156,0,
82979256329312-AND.mp4,cached,587242,0,
07320199918903447-ERASER.mp4,cached,732719,0,
7240387018860608-ERASE 2.mp4,cached,1982150,0,
8190527829480256-FLOWER.mp4,cached,625224,0,
06573495192273482-WALLET.mp4,cached,616271,0,
9116897977316643-IF.mp4,cached,3324053,0,
0778449593938817-RECENT.mp4,cached,540109,0,
16491256224329076-OPINION 2.mp4,cached,711817,0,
07044127904603914-SIGN LANGUAGE.mp4,cached,735329,0,
9756142048713576-TRY.mp4,cached,728430,0,
9949947964398094-OFF.mp4,cached,601371,0,
31090954261767045-KNIGHT.mp4,cached,589807,0,
45010446788664904-BOWLING.mp4,cached,645428,0,
5784894882348921-GUESS 2.mp4,cached,701576,0,
012937064027581213-IMPRESS.mp4,cached,550019,0,
44991972883508224-LAPTOP.mp4,cached,687454,0,
428555497647509-KNIGHT 3.mp4,cached,350413,0,
3889173100151466-BARK.mp4,cached,585793,0,
44119564320594895-MENTION.mp4,cached,725229,0,
03582115602621383-SIDE.mp4,cached,543832,0,
6276702054916361-SMELL.mp4,cached,617564,0,
4312724660062097-SODA.mp4,cached,630455,0,
7647507802538407-ALPHABET.mp4,cached,685223,0,
09338679156821961-BANK.mp4,cached,620042,0,
9233898800498062-CAMERAMAN.mp4,cached,1028519,0,
16767693645705095-PSYCHOLOGIST.mp4,cached,613051,0,
5351994136435385-DROWN.mp4,cached,616763,0,
19005324133505397-PIZZA.mp4,cached,627864,0,
34339690863866057-SHORT PERSON.mp4,cached,2278304,0,
9471965009322212-OUR.mp4,cached,394329,0,
10096015350294096-DOWNLOAD.mp4,cached,562603,0,
32244369390325667-APPLE.mp4,cached,926468,0,
9054232678027778-STACK 2.mp4,cached,650137,0,
0009373732089863474-EVERYTHING.mp4,cached,722904,0,
5942818264083232-EDIT 2.mp4,cached,608631,0,
6329931932403075-MOUTH.mp4,cached,302108,0,
7085356782985193-SUSHI.mp4,cached,531456,0,
5239255064113602-POINT INDEX.mp4,cached,339638,0,
5286366909810902-EVALUATE.mp4,cached,480511,0,
09441931342239074-BETWEEN.mp4,cached,498385,0,
867262478689317-ARM 2.mp4,cached,644233,0,
687597506528375-EVERYDAY.mp4,cached,283816,0,
035669371662083504-LICK 1.mp4,cached,295631,0,
6467017394102157-CHEW 1.mp4,cached,542151,0,
22000378713429924-ATLANTA.mp4,cached,557129,0,
9118611593112866-MEXICAN 2.mp4,cached,515071,0,
9423553632022446-CLEAN.mp4,cached,431117,0,
06337167445330216-DONKEY.mp4,cached,585813,0,
05294711958209275-SPACESHIP.mp4,cached,554897,0,
21756431783227015-RELAX 2.mp4,cached,564624,0,
8429045063336982-SHORT DISTANCE.mp4,cached,179018,0,
6636871834492388-SHAVE 5.mp4,cached,389295,0,
42555224679580994-TOW 1.mp4,cached,741123,0,
03389355459981047-VACATION.mp4,cached,288896,0,
245740728785516-ADOPT.mp4,cached,431372,0,
7974891092059726-FUNNY.mp4,cached,446903,0,
5676257640917461-POSSUM.mp4,cached,694252,0,
47712955688188896-DAMN.mp4,cached,388120,0,
4387079024232483-CRASH PLANE.mp4,cached,721942,0,
9223686251798706-OPPORTUNITY.mp4,cached,337359,0,
874537940433896-STATE.mp4,cached,410750,0,
4146570776733145-COMMITTEE.mp4,cached,346172,0,
667396657882922-BAND AID.mp4,cached,645654,0,
31713120541185313-DOOR.mp4,cached,439286,0,
5376788419769192-SUPERVISE.mp4,cached,685343,0,
046104879896933015-FRENCHFRIES.mp4,cached,230155,0,
6345202046608052-LINGUISTICS.mp4,cached,340622,0,
8101505316310005-CLOSE DOOR.mp4,cached,290875,0,
30001896636555325-SCREWDRIVER 3.mp4,cached,654749,0,
5948455246671771-POUR.mp4,cached,397093,0,
9472210156205194-BAR.mp4,cached,560247,0,
22270061627420823-PERSPECTIVE.mp4,cached,756213,0,
3145764404147309-CRACK.mp4,cached,630155,0,
9300235867514746-EMPEROR.mp4,cached,279588,0,
6939804871630404-DANGER.mp4,cached,636635,0,
7485291873395523-PENCIL.mp4,cached,667988,0,
03330585886062121-WRONG.mp4,cached,578661,0,
6366427660322116-PARACHUTE 2.mp4,cached,848546,0,
19448180321463715-DESIGN.mp4,cached,641152,0,
713149447367305-SCARF 2.mp4,cached,1023859,0,
7771489268934204-CIRCUSWHEEL.mp4,cached,853866,0,
5360935407801806-PHONE.mp4,cached,588716,0,
3597317233873729-STOCKINGS.mp4,cached,780676,0,
6162494351392802-SNOB.mp4,cached,460211,0,
603629399645689-NECKLACE 3.mp4,cached,447140,0,
9324123921553229-STRING.mp4,cached,636071,0,
8828565299201225-CHIN 2.mp4,cached,470525,0,
3730941307383533-ROLLERBLADING.mp4,cached,736741,0,
4953111756288-GOLF.mp4,cached,732517,0,
14328866497226067-KANGAROO 3.mp4,cached,654645,0,
7785704564266311-ENEMY.mp4,cached,767041,0,
8240048277919259-SHOT.mp4,cached,287326,0,
5914600667576899-PERFECT.mp4,cached,821329,0,
26945637183070703-ROOMMATE.mp4,cached,615918,0,
2591177165349323-ENVELOPE 5.mp4,cached,759413,0,
8025890745607995-PEACH 2.mp4,cached,542434,0,
03655867714699834-GOD.mp4,cached,618895,0,
3584444832213878-HOODIE 1.mp4,cached,541355,0,
5613897088333932-DONT WANT.mp4,cached,505703,0,
8535923518304356-CROCODILE.mp4,cached,556709,0,
2938382140665936-FREE.mp4,cached,548345,0,
3942015574547937-PAY.mp4,cached,457215,0,
1751500985690635-WAR.mp4,cached,568022,0,
29178497724138497-NONE.mp4,cached,714542,0,
11350981814423666-OPINION 2.mp4,cached,475235,0,
8710294613452771-CHINA.mp4,cached,759067,0,
07717302241379231-LECTURE.mp4,cached,631358,0,
5791625388129429-KNITTING 3.mp4,cached,514918,0,
7522460591520035-ISOLATED.mp4,cached,548658,0,
8140986324904689-POPE.mp4,cached,581826,0,
4105268525597696-BABYSITTER.mp4,cached,663735,0,
6657630771535601-BROTHER.mp4,cached,486911,0,
8322538982085503-SUSPENDERS 2.mp4,cached,718206,0,
0693061280585272-PERCEIVE.mp4,cached,625519,0,
6274329989657883-SOFTBALL.mp4,cached,466652,0,
933274327707148-LICK 2.mp4,cached,501124,0,
2875039244396185-LOYAL.mp4,cached,502053,0,
95375935352444-GLOW.mp4,cached,616076,0,
7871691270296015-ALL OVER.mp4,cached,541382,0,
5184266598150171-FREE.mp4,cached,467647,0,
9578020989132343-HAT 2.mp4,cached,491726,0,
6937202654647265-TOILET.mp4,cached,573887,0,
45715303365426396-OPERATE MACHINE.mp4,cached,464151,0,
12566198434416243-WIFE.mp4,cached,523036,0,
682496537857324-COPY.mp4,cached,519478,0,
9454605710580559-MUSCLE.mp4,cached,708806,0,
7716987223343876-FOOTBALL.mp4,cached,588303,0,
18526417494054925-WADE 2.mp4,cached,518957,0,
09618295078058359-EACH.mp4,cached,506044,0,
09947766426698057-ARTICLE.mp4,cached,652733,0,
1674849629898727-FALL 2.mp4,cached,557460,0,
6013827702613608-CLOWN.mp4,cached,526418,0,
2837285526744675-SHORT DISTANCE.mp4,cached,240800,0,
5044566387995728-UNCERTAIN.mp4,cached,552738,0,
11615442196098535-BEND.mp4,cached,483732,0,
4707088319691042-SSHH.mp4,cached,443326,0,
02176540635998192-WHISTLE 3.mp4,cached,517634,0,
7242088293538-SCREAM.mp4,cached,452974,0,
5780077570584161-UNCLE.mp4,cached,491060,0,
9347250739037953-PROBLEM 2.mp4,cached,418614,0,
6624265900258184-EGYPT.mp4,cached,689094,0,
3169825479062436-UPSET.mp4,cached,715418,0,
18131003275004232-SHORT WORD.mp4,cached,368256,0,
40337914073510306-SCROLL DOWN.mp4,cached,461278,0,
23611010127689558-CAR BATTERY.mp4,cached,499875,0,
4448758119695737-RELIGION.mp4,cached,387612,0,
8863228905537739-MODEL 2.mp4,cached,529206,0,
8399306959149948-METAL.mp4,cached,495663,0,
6150173366410261-CAN.mp4,cached,250798,0,
3746786836387572-SLICE 2.mp4,cached,713520,0,
6454430437032328-PROFOUNDLY DEAF.mp4,cached,423716,0,
4494941416293381-seedGLUE 1.mp4,cached,729849,0,
4973753336823712-REMOVE.mp4,cached,787385,0,
6409175794470368-seedMARRY.mp4,cached,933811,0,
9966131573349557-CHEER.mp4,cached,474936,0,
935624750887212-seedGATE CLOSE.mp4,cached,633422,0,
6672426067888029-seedNOT MIND.mp4,cached,1075975,0,
9230851663107729-seedHOOD.mp4,cached,716408,0,
8556276585939666-LEND.mp4,cached,460227,0,
8549662816535366-TRAVEL.mp4,cached,902962,0,
92911828333062-seedCATCH 3.mp4,cached,806482,0,
5617325649329079-seedARM 3.mp4,cached,650373,0,
9759029284162826-seedPUSH.mp4,cached,877717,0,
8061962144771699-seedA-LINE BOB.mp4,cached,713201,0,
9580372890443305-seedELEGANCE.mp4,cached,922634,0,
7087143226635837-ROAST.mp4,cached,1035745,0,
16053445151570034-seedINVEST.mp4,cached,1145701,0,
7874979779434099-seedSAME 2.mp4,cached,960095,0,
9240620788956599-seedREFRIGERATOR.mp4,cached,841657,0,
9027268642604178-seedBAKE 2.mp4,cached,1071945,0,
9387899703290132-FAT.mp4,cached,471990,0,
43981604479361835-seedGUESS.mp4,cached,691607,0,
29528598683287455-seedRELEASE.mp4,cached,846222,0,
9821307245988498-seedPECK.mp4,cached,785249,0,
2924541338556792-seedPRESS IN_MIND.mp4,cached,806719,0,
2798433924675019-seedHIGHLIGHTER.mp4,cached,728732,0,
3471783198230618-seedCHEAT 1.mp4,cached,1403578,0,
8278927819869593-seedNEUTRAL.mp4,cached,976591,0,
7832427403306295-seedAVERAGE.mp4,cached,827462,0,
17251078637883666-CONCEPT.mp4,cached,303699,0,
55237444147507-seedCONFUSED.mp4,cached,813247,0,
5869346216503564-seedCHANCE.mp4,cached,1111174,0,
9129719528736404-GOODY GOODY.mp4,cached,436236,0,
12410712146450331-INSURANCE.mp4,cached,287499,0,
30576816106028337-GLASS 2.mp4,cached,490739,0,
43821652957058466-ORAL.mp4,cached,477330,0,
5399787732772412-COOL.mp4,cached,344468,0,
3081075913873015-MEDITATE 2.mp4,cached,527825,0,
6034625259296462-DOWN.mp4,cached,478860,0,
9448235586041172-NECKLACE 4.mp4,cached,505110,0,
6545285895586526-DINOSAUR 2.mp4,cached,476680,0,
9686631419959442-SANTA.mp4,cached,345351,0,
6241851355359722-seedSIDEBURNS.mp4,cached,959524,0,
0729275115837229-seedGRADUATE.mp4,cached,1096296,0,
4803225680024923-SQUARE IDIOT.mp4,cached,358214,0,
04030453325446337-CRAWL 2.mp4,cached,452067,0,
8638215005623915-seedVOCABULARY.mp4,cached,751525,0,
31590114974812056-BARK 2.mp4,cached,541429,0,
31432674657776283-SING.mp4,cached,457090,0,
47235343668442575-PAY OFF_BILLS.mp4,cached,411845,0,
6217086059779711-MAGNET 3.mp4,cached,355810,0,
46070187737730706-LIGHTER.mp4,cached,312314,0,
525010092916903-SAME 2.mp4,cached,452302,0,
06192996262281536-SHARP 2.mp4,cached,359886,0,
09041654334586147-seedFRENCH.mp4,cached,763711,0,
9345074035304357-BEANS.mp4,cached,406843,0,
6956239348425071-HOT.mp4,cached,264196,0,
46853468509504537-BAKE 1.mp4,cached,652874,0,
9701285835763032-ANSWER.mp4,cached,439911,0,
23184664744539596-IMPORTANT.mp4,cached,455629,0,
09242717124055-ERASE.mp4,cached,673788,0,
2206970891939921-PANCAKE.mp4,cached,382795,0,
57337857006252-BASKETBALL.mp4,cached,304247,0,
8875542213598027-CHARGE.mp4,cached,438263,0,
8879593090443645-COOL.mp4,cached,464151,0,
28111560426713766-SAW 2.mp4,cached,691352,0,
5612062415680501-DEAL CARDS.mp4,cached,426562,0,
7966126206277044-GONE.mp4,cached,603310,0,
46872059376636366-CAN.mp4,cached,503384,0,
11249646142966907-CANCELLATION.mp4,cached,635634,0,
72757382323778-MCDONALDS.mp4,cached,419473,0,
7634950601910355-MONDAY.mp4,cached,593905,0,
941439998918389-JACKET 3.mp4,cached,599898,0,
8818081853196704-CALL.mp4,cached,337521,0,
06268304654457024-QUIET.mp4,cached,453030,0,
07190579430721389-HITCHHIKE.mp4,cached,354012,0,
772867424380135-ROAR.mp4,cached,396383,0,
7473363153984902-DINOSAUR.mp4,cached,617264,0,
37889025706680046-SLIDE 2.mp4,cached,620500,0,
17996767705308603-LIPSTICK.mp4,cached,496912,0,
8963793717239534-RED.mp4,cached,676463,0,
41662220243914705-NEW.mp4,cached,722400,0,
32927782949773055-WELL.mp4,cached,579052,0,
0638032411056142-WOMAN.mp4,cached,516218,0,
17512772041011715-MOCK.mp4,cached,647353,0,
446587380027766-GRAPES 2.mp4,cached,949168,0,
24362898130141986-DUCK.mp4,cached,512331,0,
8085575898898538-WASH 3.mp4,cached,1016285,0,
5235985845837987-BRA 2.mp4,cached,669766,0,
06056577522694706-REST ALL_DAY.mp4,cached,706019,0,
388089591353721-FOREVER.mp4,cached,667662,0,
8101729040960248-MICROSCOPE 3.mp4,cached,799637,0,
5498802608265096-GRAMMAR.mp4,cached,643995,0,
7521065366538306-BLOW.mp4,cached,503091,0,
8910177559614034-APART.mp4,cached,606116,0,
9680722716555599-PENNY.mp4,cached,579869,0,
42212672612020974-AUTISM 2.mp4,cached,421509,0,
8028016927072017-BRA 3.mp4,cached,930854,0,
08408059125780443-CRY 4.mp4,cached,641513,0,
7380427999191097-HALF HOUR.mp4,cached,845703,0,
6579262515664734-WEIGH.mp4,cached,864748,0,
17659395377249743-CHAIR.mp4,cached,1230495,0,
3493244013209136-TEACH 2.mp4,cached,846123,0,
8370733641565598-HOW.mp4,cached,854871,0,
6447861747943417-ROCKING CHAIR 2.mp4,cached,804823,0,
403895128040205-DIVIDE.mp4,cached,680466,0,
4093273889476343-BISON.mp4,cached,779081,0,
2823794466134719-KNIGHT 2.mp4,cached,711820,0,
6435870891034039-CARROT 2.mp4,cached,539032,0,
4001378278154195-PHYSICS.mp4,cached,757155,0,
579159472410089-PIZZA CUTTER.mp4,cached,973014,0,
021563088386113316-BOOTS.mp4,cached,663253,0,
07094542864791942-SHARPEN 1.mp4,cached,775181,0,
16973271441039817-WOLF.mp4,cached,605009,0,
25452629111360814-HEARING.mp4,cached,516360,0,
3067629855363059-CLOSE EYES.mp4,cached,726314,0,
5298502182829976-SKUNK.mp4,cached,574669,0,
06401585297247392-BALL.mp4,cached,783791,0,
26060946278971486-CUTE 1.mp4,cached,677715,0,
41448646806758704-BACK.mp4,cached,613440,0,
6886634508506817-ROBOT.mp4,cached,1055838,0,
5154326034616739-POLICEMAN.mp4,cached,796821,0,
35867317948219957-PINEAPPLE.mp4,cached,791548,0,
7473108605818439-SINGLE.mp4,cached,681668,0,
5515681081506727-SICK.mp4,cached,642029,0,
6502992831454479-BULL.mp4,cached,708689,0,
3128555900687866-SHRIMP.mp4,cached,610063,0,
2750035175797547-MY.mp4,cached,611476,0,
7626466956618692-FAINT.mp4,cached,802896,0,
9407578919530861-MAKE BELIEVE.mp4,cached,631078,0,
01502565597484895-FLIP.mp4,cached,639275,0,
0352695201193336-PEPSI.mp4,cached,692647,0,
30759692284144236-SIREN.mp4,cached,855088,0,
3105258368546291-REQUEST.mp4,cached,654597,0,
91068661504467-TRIP 2.mp4,cached,659977,0,
6808582661766822-OFTEN.mp4,cached,682170,0,
9876463030465903-PROBLEM 2.mp4,cached,725152,0,
34625809561800525-UNAWARE.mp4,cached,921034,0,
17443784771536852-CANNON.mp4,cached,789923,0,
7861185887976607-PERSON.mp4,cached,1032470,0,
029222318140726733-SHOUT 2.mp4,cached,570267,0,
16699107223038823-HABIT.mp4,cached,798844,0,
6422051297319356-ADDRESS.mp4,cached,787334,0,
2632070246864535-TRAFFIC.mp4,cached,1108709,0,
5759660875076875-PAINTBRUSH.mp4,cached,734856,0,
1139444824516711-LAMP.mp4,cached,699364,0,
4207853041856162-FOR.mp4,cached,779532,0,
